dataset,revision,circuit,circuit_directory,car,role,filename,upstream_path,upstream_url,remote_oid,bytes,sha256,local_path,license
deepracing/racing_trajectory_prediction,1e7ec1dfdb6a3cde726d377b0403b51fa51ab2c4,Bahrain,Bahrain_7_13_2023_15_43_22_trajectory_data,car_0,compact_car_data,lap_data.npz,Trajectory_Prediction/Bahrain_7_13_2023_15_43_22_trajectory_data/car_0/lap_data.npz,https://huggingface.co/datasets/deepracing/racing_trajectory_prediction/resolve/1e7ec1dfdb6a3cde726d377b0403b51fa51ab2c4/Trajectory_Prediction/Bahrain_7_13_2023_15_43_22_trajectory_data/car_0/lap_data.npz?download=true,7d54a3efb50763bc0064785581b41c84e739a57a,307279,20bc352ae986fb3245aefab6eec72463666c3775b8a9f0917db71d8ea994bbbb,brace-f1-ssac27/data/raw/deepracing/Bahrain_7_13_2023_15_43_22_trajectory_data/car_0/lap_data.npz,CC-BY-4.0
deepracing/racing_trajectory_prediction,1e7ec1dfdb6a3cde726d377b0403b51fa51ab2c4,Bahrain,Bahrain_7_13_2023_15_43_22_trajectory_data,car_0,compact_car_data,metadata.yaml,Trajectory_Prediction/Bahrain_7_13_2023_15_43_22_trajectory_data/car_0/metadata.yaml,https://huggingface.co/datasets/deepracing/racing_trajectory_prediction/resolve/1e7ec1dfdb6a3cde726d377b0403b51fa51ab2c4/Trajectory_Prediction/Bahrain_7_13_2023_15_43_22_trajectory_data/car_0/metadata.yaml?download=true,3721ff484ba4619063b9e84ce10377a822c75d32,1514,13fad2a3d7dcecb6a41e63659d35119ea3afb8d9a64fa44046e223e4246692c9,brace-f1-ssac27/data/raw/deepracing/Bahrain_7_13_2023_15_43_22_trajectory_data/car_0/metadata.yaml,CC-BY-4.0
deepracing/racing_trajectory_prediction,1e7ec1dfdb6a3cde726d377b0403b51fa51ab2c4,Bahrain,Bahrain_7_13_2023_15_43_22_trajectory_data,car_0,compact_car_data,motion_data.npz,Trajectory_Prediction/Bahrain_7_13_2023_15_43_22_trajectory_data/car_0/motion_data.npz,https://huggingface.co/datasets/deepracing/racing_trajectory_prediction/resolve/1e7ec1dfdb6a3cde726d377b0403b51fa51ab2c4/Trajectory_Prediction/Bahrain_7_13_2023_15_43_22_trajectory_data/car_0/motion_data.npz?download=true,07b0485d8636a814b7787a92064348a50e832965,1441789,ccea8748ed3056d6bae6edad7d9fe027d8e1de78b149b4a4946fdf2ec0f9e2fb,brace-f1-ssac27/data/raw/deepracing/Bahrain_7_13_2023_15_43_22_trajectory_data/car_0/motion_data.npz,CC-BY-4.0
deepracing/racing_trajectory_prediction,1e7ec1dfdb6a3cde726d377b0403b51fa51ab2c4,Bahrain,Bahrain_7_13_2023_15_43_22_trajectory_data,car_0,compact_car_data,session_data.npz,Trajectory_Prediction/Bahrain_7_13_2023_15_43_22_trajectory_data/car_0/session_data.npz,https://huggingface.co/datasets/deepracing/racing_trajectory_prediction/resolve/1e7ec1dfdb6a3cde726d377b0403b51fa51ab2c4/Trajectory_Prediction/Bahrain_7_13_2023_15_43_22_trajectory_data/car_0/session_data.npz?download=true,b98c014037b8935b172b1df5f2b15f7c62627347,8539,bec4e873ef101b7e074ba2feb7ffce8fd3083402adb04cad0bdbb2b6fda0d2de,brace-f1-ssac27/data/raw/deepracing/Bahrain_7_13_2023_15_43_22_trajectory_data/car_0/session_data.npz,CC-BY-4.0
deepracing/racing_trajectory_prediction,1e7ec1dfdb6a3cde726d377b0403b51fa51ab2c4,Bahrain,Bahrain_7_13_2023_15_43_22_trajectory_data,car_1,compact_car_data,lap_data.npz,Trajectory_Prediction/Bahrain_7_13_2023_15_43_22_trajectory_data/car_1/lap_data.npz,https://huggingface.co/datasets/deepracing/racing_trajectory_prediction/resolve/1e7ec1dfdb6a3cde726d377b0403b51fa51ab2c4/Trajectory_Prediction/Bahrain_7_13_2023_15_43_22_trajectory_data/car_1/lap_data.npz?download=true,8c51c60823b51d6546b32925f19bd17531b64980,310742,4876903e4f96675fa2ed141d118449541c04d620737128e1918756ab35a9fd20,brace-f1-ssac27/data/raw/deepracing/Bahrain_7_13_2023_15_43_22_trajectory_data/car_1/lap_data.npz,CC-BY-4.0
deepracing/racing_trajectory_prediction,1e7ec1dfdb6a3cde726d377b0403b51fa51ab2c4,Bahrain,Bahrain_7_13_2023_15_43_22_trajectory_data,car_1,compact_car_data,metadata.yaml,Trajectory_Prediction/Bahrain_7_13_2023_15_43_22_trajectory_data/car_1/metadata.yaml,https://huggingface.co/datasets/deepracing/racing_trajectory_prediction/resolve/1e7ec1dfdb6a3cde726d377b0403b51fa51ab2c4/Trajectory_Prediction/Bahrain_7_13_2023_15_43_22_trajectory_data/car_1/metadata.yaml?download=true,cbd5d388dc5fcef4b89a5988f11add1201512660,1514,c91a1389fceef98719f3c6e903dcfb454a0d5e32c87fcd8102436c82bd48eca1,brace-f1-ssac27/data/raw/deepracing/Bahrain_7_13_2023_15_43_22_trajectory_data/car_1/metadata.yaml,CC-BY-4.0
deepracing/racing_trajectory_prediction,1e7ec1dfdb6a3cde726d377b0403b51fa51ab2c4,Bahrain,Bahrain_7_13_2023_15_43_22_trajectory_data,car_1,compact_car_data,motion_data.npz,Trajectory_Prediction/Bahrain_7_13_2023_15_43_22_trajectory_data/car_1/motion_data.npz,https://huggingface.co/datasets/deepracing/racing_trajectory_prediction/resolve/1e7ec1dfdb6a3cde726d377b0403b51fa51ab2c4/Trajectory_Prediction/Bahrain_7_13_2023_15_43_22_trajectory_data/car_1/motion_data.npz?download=true,a6449c06e802a8c2924ff7b67b79d8de89f955b1,1446480,3020bdef1a88cb09f517a8cb6440053bc917e512c8b7b9dbdc984debf9467776,brace-f1-ssac27/data/raw/deepracing/Bahrain_7_13_2023_15_43_22_trajectory_data/car_1/motion_data.npz,CC-BY-4.0
deepracing/racing_trajectory_prediction,1e7ec1dfdb6a3cde726d377b0403b51fa51ab2c4,Bahrain,Bahrain_7_13_2023_15_43_22_trajectory_data,car_1,compact_car_data,session_data.npz,Trajectory_Prediction/Bahrain_7_13_2023_15_43_22_trajectory_data/car_1/session_data.npz,https://huggingface.co/datasets/deepracing/racing_trajectory_prediction/resolve/1e7ec1dfdb6a3cde726d377b0403b51fa51ab2c4/Trajectory_Prediction/Bahrain_7_13_2023_15_43_22_trajectory_data/car_1/session_data.npz?download=true,b98c014037b8935b172b1df5f2b15f7c62627347,8539,bec4e873ef101b7e074ba2feb7ffce8fd3083402adb04cad0bdbb2b6fda0d2de,brace-f1-ssac27/data/raw/deepracing/Bahrain_7_13_2023_15_43_22_trajectory_data/car_1/session_data.npz,CC-BY-4.0
deepracing/racing_trajectory_prediction,1e7ec1dfdb6a3cde726d377b0403b51fa51ab2c4,Bahrain,Bahrain_7_13_2023_15_43_22_trajectory_data,car_10,compact_car_data,lap_data.npz,Trajectory_Prediction/Bahrain_7_13_2023_15_43_22_trajectory_data/car_10/lap_data.npz,https://huggingface.co/datasets/deepracing/racing_trajectory_prediction/resolve/1e7ec1dfdb6a3cde726d377b0403b51fa51ab2c4/Trajectory_Prediction/Bahrain_7_13_2023_15_43_22_trajectory_data/car_10/lap_data.npz?download=true,10d1ca006f3038f0f5253d2d6b207a5fa9d48c6f,314939,99a1467ed1413b31077acfe3d98b57366d98fef8622c92c71380d37588cb638e,brace-f1-ssac27/data/raw/deepracing/Bahrain_7_13_2023_15_43_22_trajectory_data/car_10/lap_data.npz,CC-BY-4.0
deepracing/racing_trajectory_prediction,1e7ec1dfdb6a3cde726d377b0403b51fa51ab2c4,Bahrain,Bahrain_7_13_2023_15_43_22_trajectory_data,car_10,compact_car_data,metadata.yaml,Trajectory_Prediction/Bahrain_7_13_2023_15_43_22_trajectory_data/car_10/metadata.yaml,https://huggingface.co/datasets/deepracing/racing_trajectory_prediction/resolve/1e7ec1dfdb6a3cde726d377b0403b51fa51ab2c4/Trajectory_Prediction/Bahrain_7_13_2023_15_43_22_trajectory_data/car_10/metadata.yaml?download=true,7e8393f7eb2356e8c7efa1d13195f4f0e999868e,1514,d0837a3624189ab71c743fe909e674c6b6d00ef9e6491878754a27de21dbed4e,brace-f1-ssac27/data/raw/deepracing/Bahrain_7_13_2023_15_43_22_trajectory_data/car_10/metadata.yaml,CC-BY-4.0
deepracing/racing_trajectory_prediction,1e7ec1dfdb6a3cde726d377b0403b51fa51ab2c4,Bahrain,Bahrain_7_13_2023_15_43_22_trajectory_data,car_10,compact_car_data,motion_data.npz,Trajectory_Prediction/Bahrain_7_13_2023_15_43_22_trajectory_data/car_10/motion_data.npz,https://huggingface.co/datasets/deepracing/racing_trajectory_prediction/resolve/1e7ec1dfdb6a3cde726d377b0403b51fa51ab2c4/Trajectory_Prediction/Bahrain_7_13_2023_15_43_22_trajectory_data/car_10/motion_data.npz?download=true,1bed29e435a82e24aa9194e55e8ffa21f44d4945,1450156,99cab53f6514e18e3f37537130fc98d2aa3d725bf02011d2a5d7c8cba0a141ce,brace-f1-ssac27/data/raw/deepracing/Bahrain_7_13_2023_15_43_22_trajectory_data/car_10/motion_data.npz,CC-BY-4.0
deepracing/racing_trajectory_prediction,1e7ec1dfdb6a3cde726d377b0403b51fa51ab2c4,Bahrain,Bahrain_7_13_2023_15_43_22_trajectory_data,car_10,compact_car_data,session_data.npz,Trajectory_Prediction/Bahrain_7_13_2023_15_43_22_trajectory_data/car_10/session_data.npz,https://huggingface.co/datasets/deepracing/racing_trajectory_prediction/resolve/1e7ec1dfdb6a3cde726d377b0403b51fa51ab2c4/Trajectory_Prediction/Bahrain_7_13_2023_15_43_22_trajectory_data/car_10/session_data.npz?download=true,b98c014037b8935b172b1df5f2b15f7c62627347,8539,bec4e873ef101b7e074ba2feb7ffce8fd3083402adb04cad0bdbb2b6fda0d2de,brace-f1-ssac27/data/raw/deepracing/Bahrain_7_13_2023_15_43_22_trajectory_data/car_10/session_data.npz,CC-BY-4.0
deepracing/racing_trajectory_prediction,1e7ec1dfdb6a3cde726d377b0403b51fa51ab2c4,Bahrain,Bahrain_7_13_2023_15_43_22_trajectory_data,car_11,compact_car_data,lap_data.npz,Trajectory_Prediction/Bahrain_7_13_2023_15_43_22_trajectory_data/car_11/lap_data.npz,https://huggingface.co/datasets/deepracing/racing_trajectory_prediction/resolve/1e7ec1dfdb6a3cde726d377b0403b51fa51ab2c4/Trajectory_Prediction/Bahrain_7_13_2023_15_43_22_trajectory_data/car_11/lap_data.npz?download=true,7ddb47ee7446e4625367e18f28c7b0492037e4ed,317586,ad9723515121584c9fc504dbceb07e3168c3f206bdbd6ada9735697bec9281a5,brace-f1-ssac27/data/raw/deepracing/Bahrain_7_13_2023_15_43_22_trajectory_data/car_11/lap_data.npz,CC-BY-4.0
deepracing/racing_trajectory_prediction,1e7ec1dfdb6a3cde726d377b0403b51fa51ab2c4,Bahrain,Bahrain_7_13_2023_15_43_22_trajectory_data,car_11,compact_car_data,metadata.yaml,Trajectory_Prediction/Bahrain_7_13_2023_15_43_22_trajectory_data/car_11/metadata.yaml,https://huggingface.co/datasets/deepracing/racing_trajectory_prediction/resolve/1e7ec1dfdb6a3cde726d377b0403b51fa51ab2c4/Trajectory_Prediction/Bahrain_7_13_2023_15_43_22_trajectory_data/car_11/metadata.yaml?download=true,8180a00fcb1abc483aaae786047d1227fffd4ad2,1514,257128b96102a5b9cd6759133c065ea3de392ca8e32d04bfb94c2e6d9cf70223,brace-f1-ssac27/data/raw/deepracing/Bahrain_7_13_2023_15_43_22_trajectory_data/car_11/metadata.yaml,CC-BY-4.0
deepracing/racing_trajectory_prediction,1e7ec1dfdb6a3cde726d377b0403b51fa51ab2c4,Bahrain,Bahrain_7_13_2023_15_43_22_trajectory_data,car_11,compact_car_data,motion_data.npz,Trajectory_Prediction/Bahrain_7_13_2023_15_43_22_trajectory_data/car_11/motion_data.npz,https://huggingface.co/datasets/deepracing/racing_trajectory_prediction/resolve/1e7ec1dfdb6a3cde726d377b0403b51fa51ab2c4/Trajectory_Prediction/Bahrain_7_13_2023_15_43_22_trajectory_data/car_11/motion_data.npz?download=true,23f0fecc16cac51cb093dc0786ef9e7c1f79d118,1427650,959e722b57901b81bc006a3d450c28a99ae679df9a222e124badf560f8432da0,brace-f1-ssac27/data/raw/deepracing/Bahrain_7_13_2023_15_43_22_trajectory_data/car_11/motion_data.npz,CC-BY-4.0
deepracing/racing_trajectory_prediction,1e7ec1dfdb6a3cde726d377b0403b51fa51ab2c4,Bahrain,Bahrain_7_13_2023_15_43_22_trajectory_data,car_11,compact_car_data,session_data.npz,Trajectory_Prediction/Bahrain_7_13_2023_15_43_22_trajectory_data/car_11/session_data.npz,https://huggingface.co/datasets/deepracing/racing_trajectory_prediction/resolve/1e7ec1dfdb6a3cde726d377b0403b51fa51ab2c4/Trajectory_Prediction/Bahrain_7_13_2023_15_43_22_trajectory_data/car_11/session_data.npz?download=true,b98c014037b8935b172b1df5f2b15f7c62627347,8539,bec4e873ef101b7e074ba2feb7ffce8fd3083402adb04cad0bdbb2b6fda0d2de,brace-f1-ssac27/data/raw/deepracing/Bahrain_7_13_2023_15_43_22_trajectory_data/car_11/session_data.npz,CC-BY-4.0
deepracing/racing_trajectory_prediction,1e7ec1dfdb6a3cde726d377b0403b51fa51ab2c4,Bahrain,Bahrain_7_13_2023_15_43_22_trajectory_data,car_12,compact_car_data,lap_data.npz,Trajectory_Prediction/Bahrain_7_13_2023_15_43_22_trajectory_data/car_12/lap_data.npz,https://huggingface.co/datasets/deepracing/racing_trajectory_prediction/resolve/1e7ec1dfdb6a3cde726d377b0403b51fa51ab2c4/Trajectory_Prediction/Bahrain_7_13_2023_15_43_22_trajectory_data/car_12/lap_data.npz?download=true,0d96bcb503d9783153fabab45fb2bdbf158f3e7b,312973,da6b614de0c851dd6279cd1ade33140b7b5614802d9e3fb935fbd26657f61dc2,brace-f1-ssac27/data/raw/deepracing/Bahrain_7_13_2023_15_43_22_trajectory_data/car_12/lap_data.npz,CC-BY-4.0
deepracing/racing_trajectory_prediction,1e7ec1dfdb6a3cde726d377b0403b51fa51ab2c4,Bahrain,Bahrain_7_13_2023_15_43_22_trajectory_data,car_12,compact_car_data,metadata.yaml,Trajectory_Prediction/Bahrain_7_13_2023_15_43_22_trajectory_data/car_12/metadata.yaml,https://huggingface.co/datasets/deepracing/racing_trajectory_prediction/resolve/1e7ec1dfdb6a3cde726d377b0403b51fa51ab2c4/Trajectory_Prediction/Bahrain_7_13_2023_15_43_22_trajectory_data/car_12/metadata.yaml?download=true,842a580578c5477df51da73444d417a53da76613,1514,0c7418bff29524f6fc734801e8eda579a1dff3cdb1ca740d906c0d80339f6058,brace-f1-ssac27/data/raw/deepracing/Bahrain_7_13_2023_15_43_22_trajectory_data/car_12/metadata.yaml,CC-BY-4.0
deepracing/racing_trajectory_prediction,1e7ec1dfdb6a3cde726d377b0403b51fa51ab2c4,Bahrain,Bahrain_7_13_2023_15_43_22_trajectory_data,car_12,compact_car_data,motion_data.npz,Trajectory_Prediction/Bahrain_7_13_2023_15_43_22_trajectory_data/car_12/motion_data.npz,https://huggingface.co/datasets/deepracing/racing_trajectory_prediction/resolve/1e7ec1dfdb6a3cde726d377b0403b51fa51ab2c4/Trajectory_Prediction/Bahrain_7_13_2023_15_43_22_trajectory_data/car_12/motion_data.npz?download=true,2aa0f934b1c8ea1182c3a74205c66586596fc017,1448034,05b14d05aa7ece81710c83eb9de1976705e64bb066ba8fa4789031168fe8884d,brace-f1-ssac27/data/raw/deepracing/Bahrain_7_13_2023_15_43_22_trajectory_data/car_12/motion_data.npz,CC-BY-4.0
deepracing/racing_trajectory_prediction,1e7ec1dfdb6a3cde726d377b0403b51fa51ab2c4,Bahrain,Bahrain_7_13_2023_15_43_22_trajectory_data,car_12,compact_car_data,session_data.npz,Trajectory_Prediction/Bahrain_7_13_2023_15_43_22_trajectory_data/car_12/session_data.npz,https://huggingface.co/datasets/deepracing/racing_trajectory_prediction/resolve/1e7ec1dfdb6a3cde726d377b0403b51fa51ab2c4/Trajectory_Prediction/Bahrain_7_13_2023_15_43_22_trajectory_data/car_12/session_data.npz?download=true,b98c014037b8935b172b1df5f2b15f7c62627347,8539,bec4e873ef101b7e074ba2feb7ffce8fd3083402adb04cad0bdbb2b6fda0d2de,brace-f1-ssac27/data/raw/deepracing/Bahrain_7_13_2023_15_43_22_trajectory_data/car_12/session_data.npz,CC-BY-4.0
deepracing/racing_trajectory_prediction,1e7ec1dfdb6a3cde726d377b0403b51fa51ab2c4,Bahrain,Bahrain_7_13_2023_15_43_22_trajectory_data,car_13,compact_car_data,lap_data.npz,Trajectory_Prediction/Bahrain_7_13_2023_15_43_22_trajectory_data/car_13/lap_data.npz,https://huggingface.co/datasets/deepracing/racing_trajectory_prediction/resolve/1e7ec1dfdb6a3cde726d377b0403b51fa51ab2c4/Trajectory_Prediction/Bahrain_7_13_2023_15_43_22_trajectory_data/car_13/lap_data.npz?download=true,b7a54d789ed77e472d540c8cb761662b58304837,313885,ada35f54f50dc21184563493687f3460856384bccde988cf40d16a64635725d7,brace-f1-ssac27/data/raw/deepracing/Bahrain_7_13_2023_15_43_22_trajectory_data/car_13/lap_data.npz,CC-BY-4.0
deepracing/racing_trajectory_prediction,1e7ec1dfdb6a3cde726d377b0403b51fa51ab2c4,Bahrain,Bahrain_7_13_2023_15_43_22_trajectory_data,car_13,compact_car_data,metadata.yaml,Trajectory_Prediction/Bahrain_7_13_2023_15_43_22_trajectory_data/car_13/metadata.yaml,https://huggingface.co/datasets/deepracing/racing_trajectory_prediction/resolve/1e7ec1dfdb6a3cde726d377b0403b51fa51ab2c4/Trajectory_Prediction/Bahrain_7_13_2023_15_43_22_trajectory_data/car_13/metadata.yaml?download=true,7d641fba3e45866a23d79f8a932e8c3de0beb3f5,1514,5b57d140d7d071335b363d7c4b756d639a6305dba9e6c25a1a8fc462c8ef8a77,brace-f1-ssac27/data/raw/deepracing/Bahrain_7_13_2023_15_43_22_trajectory_data/car_13/metadata.yaml,CC-BY-4.0
deepracing/racing_trajectory_prediction,1e7ec1dfdb6a3cde726d377b0403b51fa51ab2c4,Bahrain,Bahrain_7_13_2023_15_43_22_trajectory_data,car_13,compact_car_data,motion_data.npz,Trajectory_Prediction/Bahrain_7_13_2023_15_43_22_trajectory_data/car_13/motion_data.npz,https://huggingface.co/datasets/deepracing/racing_trajectory_prediction/resolve/1e7ec1dfdb6a3cde726d377b0403b51fa51ab2c4/Trajectory_Prediction/Bahrain_7_13_2023_15_43_22_trajectory_data/car_13/motion_data.npz?download=true,9c73fba4aa27aab2c0f54c90b41f283e6017b525,1448978,3544fdca3be3d3ea7e8b8379daadbd452195bb04e794968fb43c43eb575fe13c,brace-f1-ssac27/data/raw/deepracing/Bahrain_7_13_2023_15_43_22_trajectory_data/car_13/motion_data.npz,CC-BY-4.0
deepracing/racing_trajectory_prediction,1e7ec1dfdb6a3cde726d377b0403b51fa51ab2c4,Bahrain,Bahrain_7_13_2023_15_43_22_trajectory_data,car_13,compact_car_data,session_data.npz,Trajectory_Prediction/Bahrain_7_13_2023_15_43_22_trajectory_data/car_13/session_data.npz,https://huggingface.co/datasets/deepracing/racing_trajectory_prediction/resolve/1e7ec1dfdb6a3cde726d377b0403b51fa51ab2c4/Trajectory_Prediction/Bahrain_7_13_2023_15_43_22_trajectory_data/car_13/session_data.npz?download=true,b98c014037b8935b172b1df5f2b15f7c62627347,8539,bec4e873ef101b7e074ba2feb7ffce8fd3083402adb04cad0bdbb2b6fda0d2de,brace-f1-ssac27/data/raw/deepracing/Bahrain_7_13_2023_15_43_22_trajectory_data/car_13/session_data.npz,CC-BY-4.0
deepracing/racing_trajectory_prediction,1e7ec1dfdb6a3cde726d377b0403b51fa51ab2c4,Bahrain,Bahrain_7_13_2023_15_43_22_trajectory_data,car_14,compact_car_data,lap_data.npz,Trajectory_Prediction/Bahrain_7_13_2023_15_43_22_trajectory_data/car_14/lap_data.npz,https://huggingface.co/datasets/deepracing/racing_trajectory_prediction/resolve/1e7ec1dfdb6a3cde726d377b0403b51fa51ab2c4/Trajectory_Prediction/Bahrain_7_13_2023_15_43_22_trajectory_data/car_14/lap_data.npz?download=true,ceba782aee8b695b261add8e8d19a3b550645e00,312077,bc0c2f49e258241fdeefdb273c7f917d3a141c9480807f0c9019a4f34c2550fc,brace-f1-ssac27/data/raw/deepracing/Bahrain_7_13_2023_15_43_22_trajectory_data/car_14/lap_data.npz,CC-BY-4.0
deepracing/racing_trajectory_prediction,1e7ec1dfdb6a3cde726d377b0403b51fa51ab2c4,Bahrain,Bahrain_7_13_2023_15_43_22_trajectory_data,car_14,compact_car_data,metadata.yaml,Trajectory_Prediction/Bahrain_7_13_2023_15_43_22_trajectory_data/car_14/metadata.yaml,https://huggingface.co/datasets/deepracing/racing_trajectory_prediction/resolve/1e7ec1dfdb6a3cde726d377b0403b51fa51ab2c4/Trajectory_Prediction/Bahrain_7_13_2023_15_43_22_trajectory_data/car_14/metadata.yaml?download=true,462f5dd5f6ac6df3a8851da507451002a7977f4a,1514,eb5da23bf68b95315557579a0e32df7f0f4b4a06465656bf308ddd0439e6fec6,brace-f1-ssac27/data/raw/deepracing/Bahrain_7_13_2023_15_43_22_trajectory_data/car_14/metadata.yaml,CC-BY-4.0
deepracing/racing_trajectory_prediction,1e7ec1dfdb6a3cde726d377b0403b51fa51ab2c4,Bahrain,Bahrain_7_13_2023_15_43_22_trajectory_data,car_14,compact_car_data,motion_data.npz,Trajectory_Prediction/Bahrain_7_13_2023_15_43_22_trajectory_data/car_14/motion_data.npz,https://huggingface.co/datasets/deepracing/racing_trajectory_prediction/resolve/1e7ec1dfdb6a3cde726d377b0403b51fa51ab2c4/Trajectory_Prediction/Bahrain_7_13_2023_15_43_22_trajectory_data/car_14/motion_data.npz?download=true,6d8739390f5f29d53708c80a8c0ee966074a574b,1445919,716516b00955c6abd15329255ab7fee0356b700218ca84e378cffec8825b8278,brace-f1-ssac27/data/raw/deepracing/Bahrain_7_13_2023_15_43_22_trajectory_data/car_14/motion_data.npz,CC-BY-4.0
deepracing/racing_trajectory_prediction,1e7ec1dfdb6a3cde726d377b0403b51fa51ab2c4,Bahrain,Bahrain_7_13_2023_15_43_22_trajectory_data,car_14,compact_car_data,session_data.npz,Trajectory_Prediction/Bahrain_7_13_2023_15_43_22_trajectory_data/car_14/session_data.npz,https://huggingface.co/datasets/deepracing/racing_trajectory_prediction/resolve/1e7ec1dfdb6a3cde726d377b0403b51fa51ab2c4/Trajectory_Prediction/Bahrain_7_13_2023_15_43_22_trajectory_data/car_14/session_data.npz?download=true,b98c014037b8935b172b1df5f2b15f7c62627347,8539,bec4e873ef101b7e074ba2feb7ffce8fd3083402adb04cad0bdbb2b6fda0d2de,brace-f1-ssac27/data/raw/deepracing/Bahrain_7_13_2023_15_43_22_trajectory_data/car_14/session_data.npz,CC-BY-4.0
deepracing/racing_trajectory_prediction,1e7ec1dfdb6a3cde726d377b0403b51fa51ab2c4,Bahrain,Bahrain_7_13_2023_15_43_22_trajectory_data,car_15,compact_car_data,lap_data.npz,Trajectory_Prediction/Bahrain_7_13_2023_15_43_22_trajectory_data/car_15/lap_data.npz,https://huggingface.co/datasets/deepracing/racing_trajectory_prediction/resolve/1e7ec1dfdb6a3cde726d377b0403b51fa51ab2c4/Trajectory_Prediction/Bahrain_7_13_2023_15_43_22_trajectory_data/car_15/lap_data.npz?download=true,7cbe9f1b8f86d3af47f53065f7e7c84ddc4b7791,314044,0ba490723e91b4c049d2d90f4fab99610705641c59e854eb58d94f070ee407c3,brace-f1-ssac27/data/raw/deepracing/Bahrain_7_13_2023_15_43_22_trajectory_data/car_15/lap_data.npz,CC-BY-4.0
deepracing/racing_trajectory_prediction,1e7ec1dfdb6a3cde726d377b0403b51fa51ab2c4,Bahrain,Bahrain_7_13_2023_15_43_22_trajectory_data,car_15,compact_car_data,metadata.yaml,Trajectory_Prediction/Bahrain_7_13_2023_15_43_22_trajectory_data/car_15/metadata.yaml,https://huggingface.co/datasets/deepracing/racing_trajectory_prediction/resolve/1e7ec1dfdb6a3cde726d377b0403b51fa51ab2c4/Trajectory_Prediction/Bahrain_7_13_2023_15_43_22_trajectory_data/car_15/metadata.yaml?download=true,6722366e157d6db686a0cfaaa1464d065f6cf958,1514,42ec86cb667b8d90ca669ef29a2fd2c82a834d4cb7da3f1511182d4a88af8d97,brace-f1-ssac27/data/raw/deepracing/Bahrain_7_13_2023_15_43_22_trajectory_data/car_15/metadata.yaml,CC-BY-4.0
deepracing/racing_trajectory_prediction,1e7ec1dfdb6a3cde726d377b0403b51fa51ab2c4,Bahrain,Bahrain_7_13_2023_15_43_22_trajectory_data,car_15,compact_car_data,motion_data.npz,Trajectory_Prediction/Bahrain_7_13_2023_15_43_22_trajectory_data/car_15/motion_data.npz,https://huggingface.co/datasets/deepracing/racing_trajectory_prediction/resolve/1e7ec1dfdb6a3cde726d377b0403b51fa51ab2c4/Trajectory_Prediction/Bahrain_7_13_2023_15_43_22_trajectory_data/car_15/motion_data.npz?download=true,6f4a2e786a5cfbae4fac715ece8f701491009c7e,1449407,b57b97be07ea5169bf77e7191ef355f5f373706e3ca2e6f6b403246847c193b8,brace-f1-ssac27/data/raw/deepracing/Bahrain_7_13_2023_15_43_22_trajectory_data/car_15/motion_data.npz,CC-BY-4.0
deepracing/racing_trajectory_prediction,1e7ec1dfdb6a3cde726d377b0403b51fa51ab2c4,Bahrain,Bahrain_7_13_2023_15_43_22_trajectory_data,car_15,compact_car_data,session_data.npz,Trajectory_Prediction/Bahrain_7_13_2023_15_43_22_trajectory_data/car_15/session_data.npz,https://huggingface.co/datasets/deepracing/racing_trajectory_prediction/resolve/1e7ec1dfdb6a3cde726d377b0403b51fa51ab2c4/Trajectory_Prediction/Bahrain_7_13_2023_15_43_22_trajectory_data/car_15/session_data.npz?download=true,b98c014037b8935b172b1df5f2b15f7c62627347,8539,bec4e873ef101b7e074ba2feb7ffce8fd3083402adb04cad0bdbb2b6fda0d2de,brace-f1-ssac27/data/raw/deepracing/Bahrain_7_13_2023_15_43_22_trajectory_data/car_15/session_data.npz,CC-BY-4.0
deepracing/racing_trajectory_prediction,1e7ec1dfdb6a3cde726d377b0403b51fa51ab2c4,Bahrain,Bahrain_7_13_2023_15_43_22_trajectory_data,car_16,compact_car_data,lap_data.npz,Trajectory_Prediction/Bahrain_7_13_2023_15_43_22_trajectory_data/car_16/lap_data.npz,https://huggingface.co/datasets/deepracing/racing_trajectory_prediction/resolve/1e7ec1dfdb6a3cde726d377b0403b51fa51ab2c4/Trajectory_Prediction/Bahrain_7_13_2023_15_43_22_trajectory_data/car_16/lap_data.npz?download=true,8267225c61e5768f7fb4a5bcc0a2ea3aee5db399,318356,1f95af3df29b0938e477b630230e200e78378d39bb301dbaaf06d3e220a89f23,brace-f1-ssac27/data/raw/deepracing/Bahrain_7_13_2023_15_43_22_trajectory_data/car_16/lap_data.npz,CC-BY-4.0
deepracing/racing_trajectory_prediction,1e7ec1dfdb6a3cde726d377b0403b51fa51ab2c4,Bahrain,Bahrain_7_13_2023_15_43_22_trajectory_data,car_16,compact_car_data,metadata.yaml,Trajectory_Prediction/Bahrain_7_13_2023_15_43_22_trajectory_data/car_16/metadata.yaml,https://huggingface.co/datasets/deepracing/racing_trajectory_prediction/resolve/1e7ec1dfdb6a3cde726d377b0403b51fa51ab2c4/Trajectory_Prediction/Bahrain_7_13_2023_15_43_22_trajectory_data/car_16/metadata.yaml?download=true,6bf1ed75618501623904ea2950ab0eb7fb72ed04,1514,a74138aefae4a6bc3050151787cfb9dcf216c185048538933f186022d730561b,brace-f1-ssac27/data/raw/deepracing/Bahrain_7_13_2023_15_43_22_trajectory_data/car_16/metadata.yaml,CC-BY-4.0
deepracing/racing_trajectory_prediction,1e7ec1dfdb6a3cde726d377b0403b51fa51ab2c4,Bahrain,Bahrain_7_13_2023_15_43_22_trajectory_data,car_16,compact_car_data,motion_data.npz,Trajectory_Prediction/Bahrain_7_13_2023_15_43_22_trajectory_data/car_16/motion_data.npz,https://huggingface.co/datasets/deepracing/racing_trajectory_prediction/resolve/1e7ec1dfdb6a3cde726d377b0403b51fa51ab2c4/Trajectory_Prediction/Bahrain_7_13_2023_15_43_22_trajectory_data/car_16/motion_data.npz?download=true,d051a66cb2f28466a69e2f2d17d2ca691d9bd4fb,1452031,08efd34f7b56c412f08b162afe0291346c0e5694f9e32bae7314dcc2b3ef7084,brace-f1-ssac27/data/raw/deepracing/Bahrain_7_13_2023_15_43_22_trajectory_data/car_16/motion_data.npz,CC-BY-4.0
deepracing/racing_trajectory_prediction,1e7ec1dfdb6a3cde726d377b0403b51fa51ab2c4,Bahrain,Bahrain_7_13_2023_15_43_22_trajectory_data,car_16,compact_car_data,session_data.npz,Trajectory_Prediction/Bahrain_7_13_2023_15_43_22_trajectory_data/car_16/session_data.npz,https://huggingface.co/datasets/deepracing/racing_trajectory_prediction/resolve/1e7ec1dfdb6a3cde726d377b0403b51fa51ab2c4/Trajectory_Prediction/Bahrain_7_13_2023_15_43_22_trajectory_data/car_16/session_data.npz?download=true,b98c014037b8935b172b1df5f2b15f7c62627347,8539,bec4e873ef101b7e074ba2feb7ffce8fd3083402adb04cad0bdbb2b6fda0d2de,brace-f1-ssac27/data/raw/deepracing/Bahrain_7_13_2023_15_43_22_trajectory_data/car_16/session_data.npz,CC-BY-4.0
deepracing/racing_trajectory_prediction,1e7ec1dfdb6a3cde726d377b0403b51fa51ab2c4,Bahrain,Bahrain_7_13_2023_15_43_22_trajectory_data,car_17,compact_car_data,lap_data.npz,Trajectory_Prediction/Bahrain_7_13_2023_15_43_22_trajectory_data/car_17/lap_data.npz,https://huggingface.co/datasets/deepracing/racing_trajectory_prediction/resolve/1e7ec1dfdb6a3cde726d377b0403b51fa51ab2c4/Trajectory_Prediction/Bahrain_7_13_2023_15_43_22_trajectory_data/car_17/lap_data.npz?download=true,28e95d8a9df5ad353af08bbe236ab87573e37f39,67921,acd8a438d766b46fbcc536612ef9524009b3411d50d4dd716ff2c6e0d5881ca0,brace-f1-ssac27/data/raw/deepracing/Bahrain_7_13_2023_15_43_22_trajectory_data/car_17/lap_data.npz,CC-BY-4.0
deepracing/racing_trajectory_prediction,1e7ec1dfdb6a3cde726d377b0403b51fa51ab2c4,Bahrain,Bahrain_7_13_2023_15_43_22_trajectory_data,car_17,compact_car_data,metadata.yaml,Trajectory_Prediction/Bahrain_7_13_2023_15_43_22_trajectory_data/car_17/metadata.yaml,https://huggingface.co/datasets/deepracing/racing_trajectory_prediction/resolve/1e7ec1dfdb6a3cde726d377b0403b51fa51ab2c4/Trajectory_Prediction/Bahrain_7_13_2023_15_43_22_trajectory_data/car_17/metadata.yaml?download=true,94d1a5d192d6f99b4576b70169daec9ac18b0c96,1510,eacfc936075e4e0766b49ec1b6d37cbc5bc94564c8e4d975b8e6ade780b8f91a,brace-f1-ssac27/data/raw/deepracing/Bahrain_7_13_2023_15_43_22_trajectory_data/car_17/metadata.yaml,CC-BY-4.0
deepracing/racing_trajectory_prediction,1e7ec1dfdb6a3cde726d377b0403b51fa51ab2c4,Bahrain,Bahrain_7_13_2023_15_43_22_trajectory_data,car_17,compact_car_data,motion_data.npz,Trajectory_Prediction/Bahrain_7_13_2023_15_43_22_trajectory_data/car_17/motion_data.npz,https://huggingface.co/datasets/deepracing/racing_trajectory_prediction/resolve/1e7ec1dfdb6a3cde726d377b0403b51fa51ab2c4/Trajectory_Prediction/Bahrain_7_13_2023_15_43_22_trajectory_data/car_17/motion_data.npz?download=true,f00f987b1083988d9ad8c8e5ae213c3cbc5c9bf6,312587,d2f1ea0c11eb377dbc41fd15871237980738894534612d3eb105ca460617af19,brace-f1-ssac27/data/raw/deepracing/Bahrain_7_13_2023_15_43_22_trajectory_data/car_17/motion_data.npz,CC-BY-4.0
deepracing/racing_trajectory_prediction,1e7ec1dfdb6a3cde726d377b0403b51fa51ab2c4,Bahrain,Bahrain_7_13_2023_15_43_22_trajectory_data,car_17,compact_car_data,session_data.npz,Trajectory_Prediction/Bahrain_7_13_2023_15_43_22_trajectory_data/car_17/session_data.npz,https://huggingface.co/datasets/deepracing/racing_trajectory_prediction/resolve/1e7ec1dfdb6a3cde726d377b0403b51fa51ab2c4/Trajectory_Prediction/Bahrain_7_13_2023_15_43_22_trajectory_data/car_17/session_data.npz?download=true,b98c014037b8935b172b1df5f2b15f7c62627347,8539,bec4e873ef101b7e074ba2feb7ffce8fd3083402adb04cad0bdbb2b6fda0d2de,brace-f1-ssac27/data/raw/deepracing/Bahrain_7_13_2023_15_43_22_trajectory_data/car_17/session_data.npz,CC-BY-4.0
deepracing/racing_trajectory_prediction,1e7ec1dfdb6a3cde726d377b0403b51fa51ab2c4,Bahrain,Bahrain_7_13_2023_15_43_22_trajectory_data,car_18,compact_car_data,lap_data.npz,Trajectory_Prediction/Bahrain_7_13_2023_15_43_22_trajectory_data/car_18/lap_data.npz,https://huggingface.co/datasets/deepracing/racing_trajectory_prediction/resolve/1e7ec1dfdb6a3cde726d377b0403b51fa51ab2c4/Trajectory_Prediction/Bahrain_7_13_2023_15_43_22_trajectory_data/car_18/lap_data.npz?download=true,4d479a78f23d06501d407c1fff5d468be079b32f,312519,49bb10a62c0d67fb296dec90fdc34974dd8f6fb12f88dff3a46adf7427107e81,brace-f1-ssac27/data/raw/deepracing/Bahrain_7_13_2023_15_43_22_trajectory_data/car_18/lap_data.npz,CC-BY-4.0
deepracing/racing_trajectory_prediction,1e7ec1dfdb6a3cde726d377b0403b51fa51ab2c4,Bahrain,Bahrain_7_13_2023_15_43_22_trajectory_data,car_18,compact_car_data,metadata.yaml,Trajectory_Prediction/Bahrain_7_13_2023_15_43_22_trajectory_data/car_18/metadata.yaml,https://huggingface.co/datasets/deepracing/racing_trajectory_prediction/resolve/1e7ec1dfdb6a3cde726d377b0403b51fa51ab2c4/Trajectory_Prediction/Bahrain_7_13_2023_15_43_22_trajectory_data/car_18/metadata.yaml?download=true,a3c7eb2da808b00d0e639039d3a81c573b9e90ee,1514,319aea4382a07614cb07fce14d158693161ec3560714e07821b5e032751c8c51,brace-f1-ssac27/data/raw/deepracing/Bahrain_7_13_2023_15_43_22_trajectory_data/car_18/metadata.yaml,CC-BY-4.0
deepracing/racing_trajectory_prediction,1e7ec1dfdb6a3cde726d377b0403b51fa51ab2c4,Bahrain,Bahrain_7_13_2023_15_43_22_trajectory_data,car_18,compact_car_data,motion_data.npz,Trajectory_Prediction/Bahrain_7_13_2023_15_43_22_trajectory_data/car_18/motion_data.npz,https://huggingface.co/datasets/deepracing/racing_trajectory_prediction/resolve/1e7ec1dfdb6a3cde726d377b0403b51fa51ab2c4/Trajectory_Prediction/Bahrain_7_13_2023_15_43_22_trajectory_data/car_18/motion_data.npz?download=true,025dbf807a3aac578c08b9742d0286729ff94ea2,1450522,8789ed81587cdc608aede07231a164c3d717e007ba2253071234e9f65d5b0dfc,brace-f1-ssac27/data/raw/deepracing/Bahrain_7_13_2023_15_43_22_trajectory_data/car_18/motion_data.npz,CC-BY-4.0
deepracing/racing_trajectory_prediction,1e7ec1dfdb6a3cde726d377b0403b51fa51ab2c4,Bahrain,Bahrain_7_13_2023_15_43_22_trajectory_data,car_18,compact_car_data,session_data.npz,Trajectory_Prediction/Bahrain_7_13_2023_15_43_22_trajectory_data/car_18/session_data.npz,https://huggingface.co/datasets/deepracing/racing_trajectory_prediction/resolve/1e7ec1dfdb6a3cde726d377b0403b51fa51ab2c4/Trajectory_Prediction/Bahrain_7_13_2023_15_43_22_trajectory_data/car_18/session_data.npz?download=true,b98c014037b8935b172b1df5f2b15f7c62627347,8539,bec4e873ef101b7e074ba2feb7ffce8fd3083402adb04cad0bdbb2b6fda0d2de,brace-f1-ssac27/data/raw/deepracing/Bahrain_7_13_2023_15_43_22_trajectory_data/car_18/session_data.npz,CC-BY-4.0
deepracing/racing_trajectory_prediction,1e7ec1dfdb6a3cde726d377b0403b51fa51ab2c4,Bahrain,Bahrain_7_13_2023_15_43_22_trajectory_data,car_19,compact_car_data,lap_data.npz,Trajectory_Prediction/Bahrain_7_13_2023_15_43_22_trajectory_data/car_19/lap_data.npz,https://huggingface.co/datasets/deepracing/racing_trajectory_prediction/resolve/1e7ec1dfdb6a3cde726d377b0403b51fa51ab2c4/Trajectory_Prediction/Bahrain_7_13_2023_15_43_22_trajectory_data/car_19/lap_data.npz?download=true,389ea91ea17f99beabe109f68cfdf60b77ed9698,315648,91e36be23e9308f9fd0aed71e44d88f6cc4af59bf0d77fddd6bd13a86419807e,brace-f1-ssac27/data/raw/deepracing/Bahrain_7_13_2023_15_43_22_trajectory_data/car_19/lap_data.npz,CC-BY-4.0
deepracing/racing_trajectory_prediction,1e7ec1dfdb6a3cde726d377b0403b51fa51ab2c4,Bahrain,Bahrain_7_13_2023_15_43_22_trajectory_data,car_19,compact_car_data,metadata.yaml,Trajectory_Prediction/Bahrain_7_13_2023_15_43_22_trajectory_data/car_19/metadata.yaml,https://huggingface.co/datasets/deepracing/racing_trajectory_prediction/resolve/1e7ec1dfdb6a3cde726d377b0403b51fa51ab2c4/Trajectory_Prediction/Bahrain_7_13_2023_15_43_22_trajectory_data/car_19/metadata.yaml?download=true,524b12f819c2ba3846833dafa85207e0d06168f9,1514,85e8f457d9863e64d6b032635239fecd82b627813ed414cf20135438df347ca3,brace-f1-ssac27/data/raw/deepracing/Bahrain_7_13_2023_15_43_22_trajectory_data/car_19/metadata.yaml,CC-BY-4.0
deepracing/racing_trajectory_prediction,1e7ec1dfdb6a3cde726d377b0403b51fa51ab2c4,Bahrain,Bahrain_7_13_2023_15_43_22_trajectory_data,car_19,compact_car_data,motion_data.npz,Trajectory_Prediction/Bahrain_7_13_2023_15_43_22_trajectory_data/car_19/motion_data.npz,https://huggingface.co/datasets/deepracing/racing_trajectory_prediction/resolve/1e7ec1dfdb6a3cde726d377b0403b51fa51ab2c4/Trajectory_Prediction/Bahrain_7_13_2023_15_43_22_trajectory_data/car_19/motion_data.npz?download=true,a32549558c8dc8b1c72f866f2ef15182d38d7acb,1448902,fe4fbe4af96a285df13d7361822764a4cc592f5b6ed00c9cfc3b19749b975254,brace-f1-ssac27/data/raw/deepracing/Bahrain_7_13_2023_15_43_22_trajectory_data/car_19/motion_data.npz,CC-BY-4.0
deepracing/racing_trajectory_prediction,1e7ec1dfdb6a3cde726d377b0403b51fa51ab2c4,Bahrain,Bahrain_7_13_2023_15_43_22_trajectory_data,car_19,compact_car_data,session_data.npz,Trajectory_Prediction/Bahrain_7_13_2023_15_43_22_trajectory_data/car_19/session_data.npz,https://huggingface.co/datasets/deepracing/racing_trajectory_prediction/resolve/1e7ec1dfdb6a3cde726d377b0403b51fa51ab2c4/Trajectory_Prediction/Bahrain_7_13_2023_15_43_22_trajectory_data/car_19/session_data.npz?download=true,b98c014037b8935b172b1df5f2b15f7c62627347,8539,bec4e873ef101b7e074ba2feb7ffce8fd3083402adb04cad0bdbb2b6fda0d2de,brace-f1-ssac27/data/raw/deepracing/Bahrain_7_13_2023_15_43_22_trajectory_data/car_19/session_data.npz,CC-BY-4.0
deepracing/racing_trajectory_prediction,1e7ec1dfdb6a3cde726d377b0403b51fa51ab2c4,Bahrain,Bahrain_7_13_2023_15_43_22_trajectory_data,car_2,boundary,center_line.pcd,Trajectory_Prediction/Bahrain_7_13_2023_15_43_22_trajectory_data/car_2/center_line.pcd,https://huggingface.co/datasets/deepracing/racing_trajectory_prediction/resolve/1e7ec1dfdb6a3cde726d377b0403b51fa51ab2c4/Trajectory_Prediction/Bahrain_7_13_2023_15_43_22_trajectory_data/car_2/center_line.pcd?download=true,cd51a88c5f3482629cc8f0ce2835608e1fde04ce,96422,9c5c81394f0b8bd7c85107066dcda9ebe15bfe89d6d3b707ff9f5ef5a6d356ef,brace-f1-ssac27/data/raw/deepracing/Bahrain_7_13_2023_15_43_22_trajectory_data/car_2/center_line.pcd,CC-BY-4.0
deepracing/racing_trajectory_prediction,1e7ec1dfdb6a3cde726d377b0403b51fa51ab2c4,Bahrain,Bahrain_7_13_2023_15_43_22_trajectory_data,car_2,boundary,inner_boundary.pcd,Trajectory_Prediction/Bahrain_7_13_2023_15_43_22_trajectory_data/car_2/inner_boundary.pcd,https://huggingface.co/datasets/deepracing/racing_trajectory_prediction/resolve/1e7ec1dfdb6a3cde726d377b0403b51fa51ab2c4/Trajectory_Prediction/Bahrain_7_13_2023_15_43_22_trajectory_data/car_2/inner_boundary.pcd?download=true,9c39df3f84cfbff8d102969562d623642853f1e8,95480,2b78720e2e55c6f16b5781e7a5a997667d0c6edd31442398a78c65a188cde558,brace-f1-ssac27/data/raw/deepracing/Bahrain_7_13_2023_15_43_22_trajectory_data/car_2/inner_boundary.pcd,CC-BY-4.0
deepracing/racing_trajectory_prediction,1e7ec1dfdb6a3cde726d377b0403b51fa51ab2c4,Bahrain,Bahrain_7_13_2023_15_43_22_trajectory_data,car_2,compact_car_data,lap_data.npz,Trajectory_Prediction/Bahrain_7_13_2023_15_43_22_trajectory_data/car_2/lap_data.npz,https://huggingface.co/datasets/deepracing/racing_trajectory_prediction/resolve/1e7ec1dfdb6a3cde726d377b0403b51fa51ab2c4/Trajectory_Prediction/Bahrain_7_13_2023_15_43_22_trajectory_data/car_2/lap_data.npz?download=true,58fe771bc394cf369ec244b2e32eb15fb658615e,313795,1c9c7a451eb679385c8e48acac2b50761d580cc32560fd15887bddd2cddf8d2f,brace-f1-ssac27/data/raw/deepracing/Bahrain_7_13_2023_15_43_22_trajectory_data/car_2/lap_data.npz,CC-BY-4.0
deepracing/racing_trajectory_prediction,1e7ec1dfdb6a3cde726d377b0403b51fa51ab2c4,Bahrain,Bahrain_7_13_2023_15_43_22_trajectory_data,car_2,compact_car_data,metadata.yaml,Trajectory_Prediction/Bahrain_7_13_2023_15_43_22_trajectory_data/car_2/metadata.yaml,https://huggingface.co/datasets/deepracing/racing_trajectory_prediction/resolve/1e7ec1dfdb6a3cde726d377b0403b51fa51ab2c4/Trajectory_Prediction/Bahrain_7_13_2023_15_43_22_trajectory_data/car_2/metadata.yaml?download=true,a243ff73e4b0a144eae169c3d4fbc4d43eec013b,1514,cf42049a028ea6550ce65e8466f2b903fa58a75fc504fb42b182df3aa74e6ddd,brace-f1-ssac27/data/raw/deepracing/Bahrain_7_13_2023_15_43_22_trajectory_data/car_2/metadata.yaml,CC-BY-4.0
deepracing/racing_trajectory_prediction,1e7ec1dfdb6a3cde726d377b0403b51fa51ab2c4,Bahrain,Bahrain_7_13_2023_15_43_22_trajectory_data,car_2,compact_car_data,motion_data.npz,Trajectory_Prediction/Bahrain_7_13_2023_15_43_22_trajectory_data/car_2/motion_data.npz,https://huggingface.co/datasets/deepracing/racing_trajectory_prediction/resolve/1e7ec1dfdb6a3cde726d377b0403b51fa51ab2c4/Trajectory_Prediction/Bahrain_7_13_2023_15_43_22_trajectory_data/car_2/motion_data.npz?download=true,4f659247d3491b0f1427a41d35c2876846c6a047,1449547,89bea35f70ee833be7289ae79ac4364dd99109e878c0e810aac8228a9e2b856a,brace-f1-ssac27/data/raw/deepracing/Bahrain_7_13_2023_15_43_22_trajectory_data/car_2/motion_data.npz,CC-BY-4.0
deepracing/racing_trajectory_prediction,1e7ec1dfdb6a3cde726d377b0403b51fa51ab2c4,Bahrain,Bahrain_7_13_2023_15_43_22_trajectory_data,car_2,boundary,outer_boundary.pcd,Trajectory_Prediction/Bahrain_7_13_2023_15_43_22_trajectory_data/car_2/outer_boundary.pcd,https://huggingface.co/datasets/deepracing/racing_trajectory_prediction/resolve/1e7ec1dfdb6a3cde726d377b0403b51fa51ab2c4/Trajectory_Prediction/Bahrain_7_13_2023_15_43_22_trajectory_data/car_2/outer_boundary.pcd?download=true,98cb9f87096caf4cf953daaeb78ea57094847080,97415,828ae04edaf03456b65359709b30813217d0aec95f2972d414c6bbc50281efca,brace-f1-ssac27/data/raw/deepracing/Bahrain_7_13_2023_15_43_22_trajectory_data/car_2/outer_boundary.pcd,CC-BY-4.0
deepracing/racing_trajectory_prediction,1e7ec1dfdb6a3cde726d377b0403b51fa51ab2c4,Bahrain,Bahrain_7_13_2023_15_43_22_trajectory_data,car_2,compact_car_data,session_data.npz,Trajectory_Prediction/Bahrain_7_13_2023_15_43_22_trajectory_data/car_2/session_data.npz,https://huggingface.co/datasets/deepracing/racing_trajectory_prediction/resolve/1e7ec1dfdb6a3cde726d377b0403b51fa51ab2c4/Trajectory_Prediction/Bahrain_7_13_2023_15_43_22_trajectory_data/car_2/session_data.npz?download=true,b98c014037b8935b172b1df5f2b15f7c62627347,8539,bec4e873ef101b7e074ba2feb7ffce8fd3083402adb04cad0bdbb2b6fda0d2de,brace-f1-ssac27/data/raw/deepracing/Bahrain_7_13_2023_15_43_22_trajectory_data/car_2/session_data.npz,CC-BY-4.0
deepracing/racing_trajectory_prediction,1e7ec1dfdb6a3cde726d377b0403b51fa51ab2c4,Bahrain,Bahrain_7_13_2023_15_43_22_trajectory_data,car_3,compact_car_data,lap_data.npz,Trajectory_Prediction/Bahrain_7_13_2023_15_43_22_trajectory_data/car_3/lap_data.npz,https://huggingface.co/datasets/deepracing/racing_trajectory_prediction/resolve/1e7ec1dfdb6a3cde726d377b0403b51fa51ab2c4/Trajectory_Prediction/Bahrain_7_13_2023_15_43_22_trajectory_data/car_3/lap_data.npz?download=true,4ae0e99b3d4aa01fc972909b9f5ab438ac1173b1,315033,ddfba9bc8b978fd495a2a32cea67a884ab61af8151407772a8e3a47ed5d745da,brace-f1-ssac27/data/raw/deepracing/Bahrain_7_13_2023_15_43_22_trajectory_data/car_3/lap_data.npz,CC-BY-4.0
deepracing/racing_trajectory_prediction,1e7ec1dfdb6a3cde726d377b0403b51fa51ab2c4,Bahrain,Bahrain_7_13_2023_15_43_22_trajectory_data,car_3,compact_car_data,metadata.yaml,Trajectory_Prediction/Bahrain_7_13_2023_15_43_22_trajectory_data/car_3/metadata.yaml,https://huggingface.co/datasets/deepracing/racing_trajectory_prediction/resolve/1e7ec1dfdb6a3cde726d377b0403b51fa51ab2c4/Trajectory_Prediction/Bahrain_7_13_2023_15_43_22_trajectory_data/car_3/metadata.yaml?download=true,0c92758000b807eb6591c626f7105ccad6c8c936,1514,156f43f1bbbafa23d61bb0d765e7746d25d4ea75fbe70e371267872a79ac9e2a,brace-f1-ssac27/data/raw/deepracing/Bahrain_7_13_2023_15_43_22_trajectory_data/car_3/metadata.yaml,CC-BY-4.0
deepracing/racing_trajectory_prediction,1e7ec1dfdb6a3cde726d377b0403b51fa51ab2c4,Bahrain,Bahrain_7_13_2023_15_43_22_trajectory_data,car_3,compact_car_data,motion_data.npz,Trajectory_Prediction/Bahrain_7_13_2023_15_43_22_trajectory_data/car_3/motion_data.npz,https://huggingface.co/datasets/deepracing/racing_trajectory_prediction/resolve/1e7ec1dfdb6a3cde726d377b0403b51fa51ab2c4/Trajectory_Prediction/Bahrain_7_13_2023_15_43_22_trajectory_data/car_3/motion_data.npz?download=true,6fea4efac070da1e3852ded03ce38a09cc296ef8,1449148,782009b23d5326efcab5ddd45470c7fb4eb8b7232d90374acee5d2ddf170b255,brace-f1-ssac27/data/raw/deepracing/Bahrain_7_13_2023_15_43_22_trajectory_data/car_3/motion_data.npz,CC-BY-4.0
deepracing/racing_trajectory_prediction,1e7ec1dfdb6a3cde726d377b0403b51fa51ab2c4,Bahrain,Bahrain_7_13_2023_15_43_22_trajectory_data,car_3,compact_car_data,session_data.npz,Trajectory_Prediction/Bahrain_7_13_2023_15_43_22_trajectory_data/car_3/session_data.npz,https://huggingface.co/datasets/deepracing/racing_trajectory_prediction/resolve/1e7ec1dfdb6a3cde726d377b0403b51fa51ab2c4/Trajectory_Prediction/Bahrain_7_13_2023_15_43_22_trajectory_data/car_3/session_data.npz?download=true,b98c014037b8935b172b1df5f2b15f7c62627347,8539,bec4e873ef101b7e074ba2feb7ffce8fd3083402adb04cad0bdbb2b6fda0d2de,brace-f1-ssac27/data/raw/deepracing/Bahrain_7_13_2023_15_43_22_trajectory_data/car_3/session_data.npz,CC-BY-4.0
deepracing/racing_trajectory_prediction,1e7ec1dfdb6a3cde726d377b0403b51fa51ab2c4,Bahrain,Bahrain_7_13_2023_15_43_22_trajectory_data,car_4,compact_car_data,lap_data.npz,Trajectory_Prediction/Bahrain_7_13_2023_15_43_22_trajectory_data/car_4/lap_data.npz,https://huggingface.co/datasets/deepracing/racing_trajectory_prediction/resolve/1e7ec1dfdb6a3cde726d377b0403b51fa51ab2c4/Trajectory_Prediction/Bahrain_7_13_2023_15_43_22_trajectory_data/car_4/lap_data.npz?download=true,1e1f46177b940e4157d217b5d8a28e5f340e9baf,315173,ab574b7a4c94a4fc1dde9e9816a9e514b16db93528359470d574e182c5f4e1b5,brace-f1-ssac27/data/raw/deepracing/Bahrain_7_13_2023_15_43_22_trajectory_data/car_4/lap_data.npz,CC-BY-4.0
deepracing/racing_trajectory_prediction,1e7ec1dfdb6a3cde726d377b0403b51fa51ab2c4,Bahrain,Bahrain_7_13_2023_15_43_22_trajectory_data,car_4,compact_car_data,metadata.yaml,Trajectory_Prediction/Bahrain_7_13_2023_15_43_22_trajectory_data/car_4/metadata.yaml,https://huggingface.co/datasets/deepracing/racing_trajectory_prediction/resolve/1e7ec1dfdb6a3cde726d377b0403b51fa51ab2c4/Trajectory_Prediction/Bahrain_7_13_2023_15_43_22_trajectory_data/car_4/metadata.yaml?download=true,6722366e157d6db686a0cfaaa1464d065f6cf958,1514,42ec86cb667b8d90ca669ef29a2fd2c82a834d4cb7da3f1511182d4a88af8d97,brace-f1-ssac27/data/raw/deepracing/Bahrain_7_13_2023_15_43_22_trajectory_data/car_4/metadata.yaml,CC-BY-4.0
deepracing/racing_trajectory_prediction,1e7ec1dfdb6a3cde726d377b0403b51fa51ab2c4,Bahrain,Bahrain_7_13_2023_15_43_22_trajectory_data,car_4,compact_car_data,motion_data.npz,Trajectory_Prediction/Bahrain_7_13_2023_15_43_22_trajectory_data/car_4/motion_data.npz,https://huggingface.co/datasets/deepracing/racing_trajectory_prediction/resolve/1e7ec1dfdb6a3cde726d377b0403b51fa51ab2c4/Trajectory_Prediction/Bahrain_7_13_2023_15_43_22_trajectory_data/car_4/motion_data.npz?download=true,aebf8ff3d0d5b2a8942153ae0d4ecd6edb543156,1449839,b2774d396e42ccbebd7053c4e7d7548a88fac125aa0a9c7264918df2100e0e88,brace-f1-ssac27/data/raw/deepracing/Bahrain_7_13_2023_15_43_22_trajectory_data/car_4/motion_data.npz,CC-BY-4.0
deepracing/racing_trajectory_prediction,1e7ec1dfdb6a3cde726d377b0403b51fa51ab2c4,Bahrain,Bahrain_7_13_2023_15_43_22_trajectory_data,car_4,compact_car_data,session_data.npz,Trajectory_Prediction/Bahrain_7_13_2023_15_43_22_trajectory_data/car_4/session_data.npz,https://huggingface.co/datasets/deepracing/racing_trajectory_prediction/resolve/1e7ec1dfdb6a3cde726d377b0403b51fa51ab2c4/Trajectory_Prediction/Bahrain_7_13_2023_15_43_22_trajectory_data/car_4/session_data.npz?download=true,b98c014037b8935b172b1df5f2b15f7c62627347,8539,bec4e873ef101b7e074ba2feb7ffce8fd3083402adb04cad0bdbb2b6fda0d2de,brace-f1-ssac27/data/raw/deepracing/Bahrain_7_13_2023_15_43_22_trajectory_data/car_4/session_data.npz,CC-BY-4.0
deepracing/racing_trajectory_prediction,1e7ec1dfdb6a3cde726d377b0403b51fa51ab2c4,Bahrain,Bahrain_7_13_2023_15_43_22_trajectory_data,car_5,compact_car_data,lap_data.npz,Trajectory_Prediction/Bahrain_7_13_2023_15_43_22_trajectory_data/car_5/lap_data.npz,https://huggingface.co/datasets/deepracing/racing_trajectory_prediction/resolve/1e7ec1dfdb6a3cde726d377b0403b51fa51ab2c4/Trajectory_Prediction/Bahrain_7_13_2023_15_43_22_trajectory_data/car_5/lap_data.npz?download=true,f2e02cdb00ba3c1abc30932f66735e47ad2085e4,313178,3e4f70fe01beb9aea2ad8f8759aeb4ae4aaa982bf2ffa290df4064956f1d90ca,brace-f1-ssac27/data/raw/deepracing/Bahrain_7_13_2023_15_43_22_trajectory_data/car_5/lap_data.npz,CC-BY-4.0
deepracing/racing_trajectory_prediction,1e7ec1dfdb6a3cde726d377b0403b51fa51ab2c4,Bahrain,Bahrain_7_13_2023_15_43_22_trajectory_data,car_5,compact_car_data,metadata.yaml,Trajectory_Prediction/Bahrain_7_13_2023_15_43_22_trajectory_data/car_5/metadata.yaml,https://huggingface.co/datasets/deepracing/racing_trajectory_prediction/resolve/1e7ec1dfdb6a3cde726d377b0403b51fa51ab2c4/Trajectory_Prediction/Bahrain_7_13_2023_15_43_22_trajectory_data/car_5/metadata.yaml?download=true,b16c584922cadb2cf4d76281a529bacd2bef4594,1514,537367cfd65ac96112f8447f096210db2dc95f3a43341ecacea67a710a37c144,brace-f1-ssac27/data/raw/deepracing/Bahrain_7_13_2023_15_43_22_trajectory_data/car_5/metadata.yaml,CC-BY-4.0
deepracing/racing_trajectory_prediction,1e7ec1dfdb6a3cde726d377b0403b51fa51ab2c4,Bahrain,Bahrain_7_13_2023_15_43_22_trajectory_data,car_5,compact_car_data,motion_data.npz,Trajectory_Prediction/Bahrain_7_13_2023_15_43_22_trajectory_data/car_5/motion_data.npz,https://huggingface.co/datasets/deepracing/racing_trajectory_prediction/resolve/1e7ec1dfdb6a3cde726d377b0403b51fa51ab2c4/Trajectory_Prediction/Bahrain_7_13_2023_15_43_22_trajectory_data/car_5/motion_data.npz?download=true,3596ad29aaeb2dcadf088d688ef454e85990503a,1449417,13fab311fdd378ae7d4463a33e96f0f33c8ac305ba9e148981fc1a06f100a47b,brace-f1-ssac27/data/raw/deepracing/Bahrain_7_13_2023_15_43_22_trajectory_data/car_5/motion_data.npz,CC-BY-4.0
deepracing/racing_trajectory_prediction,1e7ec1dfdb6a3cde726d377b0403b51fa51ab2c4,Bahrain,Bahrain_7_13_2023_15_43_22_trajectory_data,car_5,compact_car_data,session_data.npz,Trajectory_Prediction/Bahrain_7_13_2023_15_43_22_trajectory_data/car_5/session_data.npz,https://huggingface.co/datasets/deepracing/racing_trajectory_prediction/resolve/1e7ec1dfdb6a3cde726d377b0403b51fa51ab2c4/Trajectory_Prediction/Bahrain_7_13_2023_15_43_22_trajectory_data/car_5/session_data.npz?download=true,b98c014037b8935b172b1df5f2b15f7c62627347,8539,bec4e873ef101b7e074ba2feb7ffce8fd3083402adb04cad0bdbb2b6fda0d2de,brace-f1-ssac27/data/raw/deepracing/Bahrain_7_13_2023_15_43_22_trajectory_data/car_5/session_data.npz,CC-BY-4.0
deepracing/racing_trajectory_prediction,1e7ec1dfdb6a3cde726d377b0403b51fa51ab2c4,Bahrain,Bahrain_7_13_2023_15_43_22_trajectory_data,car_6,compact_car_data,lap_data.npz,Trajectory_Prediction/Bahrain_7_13_2023_15_43_22_trajectory_data/car_6/lap_data.npz,https://huggingface.co/datasets/deepracing/racing_trajectory_prediction/resolve/1e7ec1dfdb6a3cde726d377b0403b51fa51ab2c4/Trajectory_Prediction/Bahrain_7_13_2023_15_43_22_trajectory_data/car_6/lap_data.npz?download=true,8d295d3de2d5b5682e24d9ccae9d18461a189ba9,312268,a6672263974ffd16a28b4baeb53bcd00a2cf99dad6b01fabb8d352007dee79da,brace-f1-ssac27/data/raw/deepracing/Bahrain_7_13_2023_15_43_22_trajectory_data/car_6/lap_data.npz,CC-BY-4.0
deepracing/racing_trajectory_prediction,1e7ec1dfdb6a3cde726d377b0403b51fa51ab2c4,Bahrain,Bahrain_7_13_2023_15_43_22_trajectory_data,car_6,compact_car_data,metadata.yaml,Trajectory_Prediction/Bahrain_7_13_2023_15_43_22_trajectory_data/car_6/metadata.yaml,https://huggingface.co/datasets/deepracing/racing_trajectory_prediction/resolve/1e7ec1dfdb6a3cde726d377b0403b51fa51ab2c4/Trajectory_Prediction/Bahrain_7_13_2023_15_43_22_trajectory_data/car_6/metadata.yaml?download=true,f02f47a6ec9b6a3d28aaadfba82e8e2729f0c7fa,1514,39acb4c2d5d58704a1a880d484400821f021bbcd756eb9567d4a1574ac0bac64,brace-f1-ssac27/data/raw/deepracing/Bahrain_7_13_2023_15_43_22_trajectory_data/car_6/metadata.yaml,CC-BY-4.0
deepracing/racing_trajectory_prediction,1e7ec1dfdb6a3cde726d377b0403b51fa51ab2c4,Bahrain,Bahrain_7_13_2023_15_43_22_trajectory_data,car_6,compact_car_data,motion_data.npz,Trajectory_Prediction/Bahrain_7_13_2023_15_43_22_trajectory_data/car_6/motion_data.npz,https://huggingface.co/datasets/deepracing/racing_trajectory_prediction/resolve/1e7ec1dfdb6a3cde726d377b0403b51fa51ab2c4/Trajectory_Prediction/Bahrain_7_13_2023_15_43_22_trajectory_data/car_6/motion_data.npz?download=true,1b2ed534d36bf49834df1533cd096bd423b5c06d,1447187,7f2674f532f168c5a45da23be2a39feacfb485ff5cce50ea772c375e3c0f88c8,brace-f1-ssac27/data/raw/deepracing/Bahrain_7_13_2023_15_43_22_trajectory_data/car_6/motion_data.npz,CC-BY-4.0
deepracing/racing_trajectory_prediction,1e7ec1dfdb6a3cde726d377b0403b51fa51ab2c4,Bahrain,Bahrain_7_13_2023_15_43_22_trajectory_data,car_6,compact_car_data,session_data.npz,Trajectory_Prediction/Bahrain_7_13_2023_15_43_22_trajectory_data/car_6/session_data.npz,https://huggingface.co/datasets/deepracing/racing_trajectory_prediction/resolve/1e7ec1dfdb6a3cde726d377b0403b51fa51ab2c4/Trajectory_Prediction/Bahrain_7_13_2023_15_43_22_trajectory_data/car_6/session_data.npz?download=true,b98c014037b8935b172b1df5f2b15f7c62627347,8539,bec4e873ef101b7e074ba2feb7ffce8fd3083402adb04cad0bdbb2b6fda0d2de,brace-f1-ssac27/data/raw/deepracing/Bahrain_7_13_2023_15_43_22_trajectory_data/car_6/session_data.npz,CC-BY-4.0
deepracing/racing_trajectory_prediction,1e7ec1dfdb6a3cde726d377b0403b51fa51ab2c4,Bahrain,Bahrain_7_13_2023_15_43_22_trajectory_data,car_7,compact_car_data,lap_data.npz,Trajectory_Prediction/Bahrain_7_13_2023_15_43_22_trajectory_data/car_7/lap_data.npz,https://huggingface.co/datasets/deepracing/racing_trajectory_prediction/resolve/1e7ec1dfdb6a3cde726d377b0403b51fa51ab2c4/Trajectory_Prediction/Bahrain_7_13_2023_15_43_22_trajectory_data/car_7/lap_data.npz?download=true,162f2bffd8ccc53a7f0794cff532751029ccb3df,314134,fc8508c041d7828aa6265b2f96eca72e6a01a2b6243f2da103973e12f3ce26da,brace-f1-ssac27/data/raw/deepracing/Bahrain_7_13_2023_15_43_22_trajectory_data/car_7/lap_data.npz,CC-BY-4.0
deepracing/racing_trajectory_prediction,1e7ec1dfdb6a3cde726d377b0403b51fa51ab2c4,Bahrain,Bahrain_7_13_2023_15_43_22_trajectory_data,car_7,compact_car_data,metadata.yaml,Trajectory_Prediction/Bahrain_7_13_2023_15_43_22_trajectory_data/car_7/metadata.yaml,https://huggingface.co/datasets/deepracing/racing_trajectory_prediction/resolve/1e7ec1dfdb6a3cde726d377b0403b51fa51ab2c4/Trajectory_Prediction/Bahrain_7_13_2023_15_43_22_trajectory_data/car_7/metadata.yaml?download=true,c370fc64f4f905a021c10dfc6bc467f02270bd86,1514,8e586229f952bc686f52b8b51987009fce529b65850623b501ce504ec8fe93cc,brace-f1-ssac27/data/raw/deepracing/Bahrain_7_13_2023_15_43_22_trajectory_data/car_7/metadata.yaml,CC-BY-4.0
deepracing/racing_trajectory_prediction,1e7ec1dfdb6a3cde726d377b0403b51fa51ab2c4,Bahrain,Bahrain_7_13_2023_15_43_22_trajectory_data,car_7,compact_car_data,motion_data.npz,Trajectory_Prediction/Bahrain_7_13_2023_15_43_22_trajectory_data/car_7/motion_data.npz,https://huggingface.co/datasets/deepracing/racing_trajectory_prediction/resolve/1e7ec1dfdb6a3cde726d377b0403b51fa51ab2c4/Trajectory_Prediction/Bahrain_7_13_2023_15_43_22_trajectory_data/car_7/motion_data.npz?download=true,80fe1a43ab860ea43e83b640a453ec496387eb12,1448865,804cdcc0d3a5c073f71825a3cc5b63138499260b62aaefb52b044ae03f60e082,brace-f1-ssac27/data/raw/deepracing/Bahrain_7_13_2023_15_43_22_trajectory_data/car_7/motion_data.npz,CC-BY-4.0
deepracing/racing_trajectory_prediction,1e7ec1dfdb6a3cde726d377b0403b51fa51ab2c4,Bahrain,Bahrain_7_13_2023_15_43_22_trajectory_data,car_7,compact_car_data,session_data.npz,Trajectory_Prediction/Bahrain_7_13_2023_15_43_22_trajectory_data/car_7/session_data.npz,https://huggingface.co/datasets/deepracing/racing_trajectory_prediction/resolve/1e7ec1dfdb6a3cde726d377b0403b51fa51ab2c4/Trajectory_Prediction/Bahrain_7_13_2023_15_43_22_trajectory_data/car_7/session_data.npz?download=true,b98c014037b8935b172b1df5f2b15f7c62627347,8539,bec4e873ef101b7e074ba2feb7ffce8fd3083402adb04cad0bdbb2b6fda0d2de,brace-f1-ssac27/data/raw/deepracing/Bahrain_7_13_2023_15_43_22_trajectory_data/car_7/session_data.npz,CC-BY-4.0
deepracing/racing_trajectory_prediction,1e7ec1dfdb6a3cde726d377b0403b51fa51ab2c4,Bahrain,Bahrain_7_13_2023_15_43_22_trajectory_data,car_8,compact_car_data,lap_data.npz,Trajectory_Prediction/Bahrain_7_13_2023_15_43_22_trajectory_data/car_8/lap_data.npz,https://huggingface.co/datasets/deepracing/racing_trajectory_prediction/resolve/1e7ec1dfdb6a3cde726d377b0403b51fa51ab2c4/Trajectory_Prediction/Bahrain_7_13_2023_15_43_22_trajectory_data/car_8/lap_data.npz?download=true,7084be67664b85432c9c6f9d15aeb08c1b160b87,315502,78eaa9cf0cc4a91eaf3998809b37f5e7d8dbff278beb93029efbc12a81f12775,brace-f1-ssac27/data/raw/deepracing/Bahrain_7_13_2023_15_43_22_trajectory_data/car_8/lap_data.npz,CC-BY-4.0
deepracing/racing_trajectory_prediction,1e7ec1dfdb6a3cde726d377b0403b51fa51ab2c4,Bahrain,Bahrain_7_13_2023_15_43_22_trajectory_data,car_8,compact_car_data,metadata.yaml,Trajectory_Prediction/Bahrain_7_13_2023_15_43_22_trajectory_data/car_8/metadata.yaml,https://huggingface.co/datasets/deepracing/racing_trajectory_prediction/resolve/1e7ec1dfdb6a3cde726d377b0403b51fa51ab2c4/Trajectory_Prediction/Bahrain_7_13_2023_15_43_22_trajectory_data/car_8/metadata.yaml?download=true,1e4ca0f8acd9b9d972235509840dca7de0a99dff,1514,59f54efa12102fd37aa4133ca2d07a6b7d4528656e3090334c3e55c6676b6c1c,brace-f1-ssac27/data/raw/deepracing/Bahrain_7_13_2023_15_43_22_trajectory_data/car_8/metadata.yaml,CC-BY-4.0
deepracing/racing_trajectory_prediction,1e7ec1dfdb6a3cde726d377b0403b51fa51ab2c4,Bahrain,Bahrain_7_13_2023_15_43_22_trajectory_data,car_8,compact_car_data,motion_data.npz,Trajectory_Prediction/Bahrain_7_13_2023_15_43_22_trajectory_data/car_8/motion_data.npz,https://huggingface.co/datasets/deepracing/racing_trajectory_prediction/resolve/1e7ec1dfdb6a3cde726d377b0403b51fa51ab2c4/Trajectory_Prediction/Bahrain_7_13_2023_15_43_22_trajectory_data/car_8/motion_data.npz?download=true,10aac1639ed251f0769177390007f749e765afaa,1449521,e8fb593458b23037229f896b08f4e80374751d20fb0de2ca9d3e215910e5acf7,brace-f1-ssac27/data/raw/deepracing/Bahrain_7_13_2023_15_43_22_trajectory_data/car_8/motion_data.npz,CC-BY-4.0
deepracing/racing_trajectory_prediction,1e7ec1dfdb6a3cde726d377b0403b51fa51ab2c4,Bahrain,Bahrain_7_13_2023_15_43_22_trajectory_data,car_8,compact_car_data,session_data.npz,Trajectory_Prediction/Bahrain_7_13_2023_15_43_22_trajectory_data/car_8/session_data.npz,https://huggingface.co/datasets/deepracing/racing_trajectory_prediction/resolve/1e7ec1dfdb6a3cde726d377b0403b51fa51ab2c4/Trajectory_Prediction/Bahrain_7_13_2023_15_43_22_trajectory_data/car_8/session_data.npz?download=true,b98c014037b8935b172b1df5f2b15f7c62627347,8539,bec4e873ef101b7e074ba2feb7ffce8fd3083402adb04cad0bdbb2b6fda0d2de,brace-f1-ssac27/data/raw/deepracing/Bahrain_7_13_2023_15_43_22_trajectory_data/car_8/session_data.npz,CC-BY-4.0
deepracing/racing_trajectory_prediction,1e7ec1dfdb6a3cde726d377b0403b51fa51ab2c4,Bahrain,Bahrain_7_13_2023_15_43_22_trajectory_data,car_9,compact_car_data,lap_data.npz,Trajectory_Prediction/Bahrain_7_13_2023_15_43_22_trajectory_data/car_9/lap_data.npz,https://huggingface.co/datasets/deepracing/racing_trajectory_prediction/resolve/1e7ec1dfdb6a3cde726d377b0403b51fa51ab2c4/Trajectory_Prediction/Bahrain_7_13_2023_15_43_22_trajectory_data/car_9/lap_data.npz?download=true,4dc8e635d1746c743555f69b1f4144811b616a87,312689,1ba630291d93a89b129e558d7c25a3eac6e29d8bb284244703c8d97a360dde70,brace-f1-ssac27/data/raw/deepracing/Bahrain_7_13_2023_15_43_22_trajectory_data/car_9/lap_data.npz,CC-BY-4.0
deepracing/racing_trajectory_prediction,1e7ec1dfdb6a3cde726d377b0403b51fa51ab2c4,Bahrain,Bahrain_7_13_2023_15_43_22_trajectory_data,car_9,compact_car_data,metadata.yaml,Trajectory_Prediction/Bahrain_7_13_2023_15_43_22_trajectory_data/car_9/metadata.yaml,https://huggingface.co/datasets/deepracing/racing_trajectory_prediction/resolve/1e7ec1dfdb6a3cde726d377b0403b51fa51ab2c4/Trajectory_Prediction/Bahrain_7_13_2023_15_43_22_trajectory_data/car_9/metadata.yaml?download=true,16f450ade53757702475213b598945e08125765d,1514,d65c7839b515b3e97360850d334d3163e8d48ac639dc55eb35717538cb75ac89,brace-f1-ssac27/data/raw/deepracing/Bahrain_7_13_2023_15_43_22_trajectory_data/car_9/metadata.yaml,CC-BY-4.0
deepracing/racing_trajectory_prediction,1e7ec1dfdb6a3cde726d377b0403b51fa51ab2c4,Bahrain,Bahrain_7_13_2023_15_43_22_trajectory_data,car_9,compact_car_data,motion_data.npz,Trajectory_Prediction/Bahrain_7_13_2023_15_43_22_trajectory_data/car_9/motion_data.npz,https://huggingface.co/datasets/deepracing/racing_trajectory_prediction/resolve/1e7ec1dfdb6a3cde726d377b0403b51fa51ab2c4/Trajectory_Prediction/Bahrain_7_13_2023_15_43_22_trajectory_data/car_9/motion_data.npz?download=true,c7fc80d5b76ed8e5ba54c77775c4662c82e03ee9,1448514,59a0456126268aca655291d7b93f9c3f0bc6b7b60166dbc7ca7548dbb16fe978,brace-f1-ssac27/data/raw/deepracing/Bahrain_7_13_2023_15_43_22_trajectory_data/car_9/motion_data.npz,CC-BY-4.0
deepracing/racing_trajectory_prediction,1e7ec1dfdb6a3cde726d377b0403b51fa51ab2c4,Bahrain,Bahrain_7_13_2023_15_43_22_trajectory_data,car_9,compact_car_data,session_data.npz,Trajectory_Prediction/Bahrain_7_13_2023_15_43_22_trajectory_data/car_9/session_data.npz,https://huggingface.co/datasets/deepracing/racing_trajectory_prediction/resolve/1e7ec1dfdb6a3cde726d377b0403b51fa51ab2c4/Trajectory_Prediction/Bahrain_7_13_2023_15_43_22_trajectory_data/car_9/session_data.npz?download=true,b98c014037b8935b172b1df5f2b15f7c62627347,8539,bec4e873ef101b7e074ba2feb7ffce8fd3083402adb04cad0bdbb2b6fda0d2de,brace-f1-ssac27/data/raw/deepracing/Bahrain_7_13_2023_15_43_22_trajectory_data/car_9/session_data.npz,CC-BY-4.0
deepracing/racing_trajectory_prediction,1e7ec1dfdb6a3cde726d377b0403b51fa51ab2c4,Britain,Britain_7_6_2023_16_10_29_trajectory_data,car_1,compact_car_data,lap_data.npz,Trajectory_Prediction/Britain_7_6_2023_16_10_29_trajectory_data/car_1/lap_data.npz,https://huggingface.co/datasets/deepracing/racing_trajectory_prediction/resolve/1e7ec1dfdb6a3cde726d377b0403b51fa51ab2c4/Trajectory_Prediction/Britain_7_6_2023_16_10_29_trajectory_data/car_1/lap_data.npz?download=true,26343e42f68004a8fe1381fafb64a7c1203e932e,195305,78ebd9c640eed7df9d059be5e1eff58e6f32a933b2c16cacb434c917528ace3f,brace-f1-ssac27/data/raw/deepracing/Britain_7_6_2023_16_10_29_trajectory_data/car_1/lap_data.npz,CC-BY-4.0
deepracing/racing_trajectory_prediction,1e7ec1dfdb6a3cde726d377b0403b51fa51ab2c4,Britain,Britain_7_6_2023_16_10_29_trajectory_data,car_1,compact_car_data,metadata.yaml,Trajectory_Prediction/Britain_7_6_2023_16_10_29_trajectory_data/car_1/metadata.yaml,https://huggingface.co/datasets/deepracing/racing_trajectory_prediction/resolve/1e7ec1dfdb6a3cde726d377b0403b51fa51ab2c4/Trajectory_Prediction/Britain_7_6_2023_16_10_29_trajectory_data/car_1/metadata.yaml?download=true,cf9f246db17c99b46d1674b99b2972b7b69ff46a,1517,15cc1fdc870dddb408456494062ebcf9baf6fbddcb190fd2fa87d5d33df9e3f6,brace-f1-ssac27/data/raw/deepracing/Britain_7_6_2023_16_10_29_trajectory_data/car_1/metadata.yaml,CC-BY-4.0
deepracing/racing_trajectory_prediction,1e7ec1dfdb6a3cde726d377b0403b51fa51ab2c4,Britain,Britain_7_6_2023_16_10_29_trajectory_data,car_1,compact_car_data,motion_data.npz,Trajectory_Prediction/Britain_7_6_2023_16_10_29_trajectory_data/car_1/motion_data.npz,https://huggingface.co/datasets/deepracing/racing_trajectory_prediction/resolve/1e7ec1dfdb6a3cde726d377b0403b51fa51ab2c4/Trajectory_Prediction/Britain_7_6_2023_16_10_29_trajectory_data/car_1/motion_data.npz?download=true,c87aa312099a789bfbdd83b03b5c8c48072c1ce4,1112917,cd42b14ad27b3fa66ac30cc722d7fb8b4ebd25b72fd4ebc7ba841b75ac1e2d86,brace-f1-ssac27/data/raw/deepracing/Britain_7_6_2023_16_10_29_trajectory_data/car_1/motion_data.npz,CC-BY-4.0
deepracing/racing_trajectory_prediction,1e7ec1dfdb6a3cde726d377b0403b51fa51ab2c4,Britain,Britain_7_6_2023_16_10_29_trajectory_data,car_1,compact_car_data,session_data.npz,Trajectory_Prediction/Britain_7_6_2023_16_10_29_trajectory_data/car_1/session_data.npz,https://huggingface.co/datasets/deepracing/racing_trajectory_prediction/resolve/1e7ec1dfdb6a3cde726d377b0403b51fa51ab2c4/Trajectory_Prediction/Britain_7_6_2023_16_10_29_trajectory_data/car_1/session_data.npz?download=true,7f01a8ec04093214af6304c1107d9a516baf98c1,6078,873c3dbcb4ec137a2ff2b3e6c80608768c1aee5d1ad3735859f93466edcd2827,brace-f1-ssac27/data/raw/deepracing/Britain_7_6_2023_16_10_29_trajectory_data/car_1/session_data.npz,CC-BY-4.0
deepracing/racing_trajectory_prediction,1e7ec1dfdb6a3cde726d377b0403b51fa51ab2c4,Britain,Britain_7_6_2023_16_10_29_trajectory_data,car_10,compact_car_data,lap_data.npz,Trajectory_Prediction/Britain_7_6_2023_16_10_29_trajectory_data/car_10/lap_data.npz,https://huggingface.co/datasets/deepracing/racing_trajectory_prediction/resolve/1e7ec1dfdb6a3cde726d377b0403b51fa51ab2c4/Trajectory_Prediction/Britain_7_6_2023_16_10_29_trajectory_data/car_10/lap_data.npz?download=true,4524a376f08b4945872c8e8f5fd0eb360935c257,164057,b4af66408dd182224fec04681c9246b2fecfd41b87326570c5249aca18357f1b,brace-f1-ssac27/data/raw/deepracing/Britain_7_6_2023_16_10_29_trajectory_data/car_10/lap_data.npz,CC-BY-4.0
deepracing/racing_trajectory_prediction,1e7ec1dfdb6a3cde726d377b0403b51fa51ab2c4,Britain,Britain_7_6_2023_16_10_29_trajectory_data,car_10,compact_car_data,metadata.yaml,Trajectory_Prediction/Britain_7_6_2023_16_10_29_trajectory_data/car_10/metadata.yaml,https://huggingface.co/datasets/deepracing/racing_trajectory_prediction/resolve/1e7ec1dfdb6a3cde726d377b0403b51fa51ab2c4/Trajectory_Prediction/Britain_7_6_2023_16_10_29_trajectory_data/car_10/metadata.yaml?download=true,43a6ba7d664ed3759f3adc3d06c652beaede99c4,1517,b60571dc38afd863b9395566f51dbd914f1608c723e3ae6f20345f5172400055,brace-f1-ssac27/data/raw/deepracing/Britain_7_6_2023_16_10_29_trajectory_data/car_10/metadata.yaml,CC-BY-4.0
deepracing/racing_trajectory_prediction,1e7ec1dfdb6a3cde726d377b0403b51fa51ab2c4,Britain,Britain_7_6_2023_16_10_29_trajectory_data,car_10,compact_car_data,motion_data.npz,Trajectory_Prediction/Britain_7_6_2023_16_10_29_trajectory_data/car_10/motion_data.npz,https://huggingface.co/datasets/deepracing/racing_trajectory_prediction/resolve/1e7ec1dfdb6a3cde726d377b0403b51fa51ab2c4/Trajectory_Prediction/Britain_7_6_2023_16_10_29_trajectory_data/car_10/motion_data.npz?download=true,f247c33d1bb1867901764260dc548a3a97d464d8,1110868,74b0b01c46fe2dc9f00a44d1817a47d091d4d91f27e3a0910cfb86caefb15e62,brace-f1-ssac27/data/raw/deepracing/Britain_7_6_2023_16_10_29_trajectory_data/car_10/motion_data.npz,CC-BY-4.0
deepracing/racing_trajectory_prediction,1e7ec1dfdb6a3cde726d377b0403b51fa51ab2c4,Britain,Britain_7_6_2023_16_10_29_trajectory_data,car_10,compact_car_data,session_data.npz,Trajectory_Prediction/Britain_7_6_2023_16_10_29_trajectory_data/car_10/session_data.npz,https://huggingface.co/datasets/deepracing/racing_trajectory_prediction/resolve/1e7ec1dfdb6a3cde726d377b0403b51fa51ab2c4/Trajectory_Prediction/Britain_7_6_2023_16_10_29_trajectory_data/car_10/session_data.npz?download=true,7f01a8ec04093214af6304c1107d9a516baf98c1,6078,873c3dbcb4ec137a2ff2b3e6c80608768c1aee5d1ad3735859f93466edcd2827,brace-f1-ssac27/data/raw/deepracing/Britain_7_6_2023_16_10_29_trajectory_data/car_10/session_data.npz,CC-BY-4.0
deepracing/racing_trajectory_prediction,1e7ec1dfdb6a3cde726d377b0403b51fa51ab2c4,Britain,Britain_7_6_2023_16_10_29_trajectory_data,car_12,compact_car_data,lap_data.npz,Trajectory_Prediction/Britain_7_6_2023_16_10_29_trajectory_data/car_12/lap_data.npz,https://huggingface.co/datasets/deepracing/racing_trajectory_prediction/resolve/1e7ec1dfdb6a3cde726d377b0403b51fa51ab2c4/Trajectory_Prediction/Britain_7_6_2023_16_10_29_trajectory_data/car_12/lap_data.npz?download=true,7ebdfd7963833e49633ca46dc4393dba336fd305,192186,3210075200bf24ccb617ea1e1d2f60b029de259d308220a7262266ebd7316c5a,brace-f1-ssac27/data/raw/deepracing/Britain_7_6_2023_16_10_29_trajectory_data/car_12/lap_data.npz,CC-BY-4.0
deepracing/racing_trajectory_prediction,1e7ec1dfdb6a3cde726d377b0403b51fa51ab2c4,Britain,Britain_7_6_2023_16_10_29_trajectory_data,car_12,compact_car_data,metadata.yaml,Trajectory_Prediction/Britain_7_6_2023_16_10_29_trajectory_data/car_12/metadata.yaml,https://huggingface.co/datasets/deepracing/racing_trajectory_prediction/resolve/1e7ec1dfdb6a3cde726d377b0403b51fa51ab2c4/Trajectory_Prediction/Britain_7_6_2023_16_10_29_trajectory_data/car_12/metadata.yaml?download=true,4b181a5d374249f727a18bea272ea42e69b26994,1517,5f5ee34dbc9d40e13092ad100c47554b83ffddc5f8dc78df408237c6e716558d,brace-f1-ssac27/data/raw/deepracing/Britain_7_6_2023_16_10_29_trajectory_data/car_12/metadata.yaml,CC-BY-4.0
deepracing/racing_trajectory_prediction,1e7ec1dfdb6a3cde726d377b0403b51fa51ab2c4,Britain,Britain_7_6_2023_16_10_29_trajectory_data,car_12,compact_car_data,motion_data.npz,Trajectory_Prediction/Britain_7_6_2023_16_10_29_trajectory_data/car_12/motion_data.npz,https://huggingface.co/datasets/deepracing/racing_trajectory_prediction/resolve/1e7ec1dfdb6a3cde726d377b0403b51fa51ab2c4/Trajectory_Prediction/Britain_7_6_2023_16_10_29_trajectory_data/car_12/motion_data.npz?download=true,07a6f571815b93173a048b5b395c6673ae45e67d,1115648,4530fed830a853c6ec73c928c18d26298245b5a3c4eb02a0482858f4ba97cfaf,brace-f1-ssac27/data/raw/deepracing/Britain_7_6_2023_16_10_29_trajectory_data/car_12/motion_data.npz,CC-BY-4.0
deepracing/racing_trajectory_prediction,1e7ec1dfdb6a3cde726d377b0403b51fa51ab2c4,Britain,Britain_7_6_2023_16_10_29_trajectory_data,car_12,compact_car_data,session_data.npz,Trajectory_Prediction/Britain_7_6_2023_16_10_29_trajectory_data/car_12/session_data.npz,https://huggingface.co/datasets/deepracing/racing_trajectory_prediction/resolve/1e7ec1dfdb6a3cde726d377b0403b51fa51ab2c4/Trajectory_Prediction/Britain_7_6_2023_16_10_29_trajectory_data/car_12/session_data.npz?download=true,7f01a8ec04093214af6304c1107d9a516baf98c1,6078,873c3dbcb4ec137a2ff2b3e6c80608768c1aee5d1ad3735859f93466edcd2827,brace-f1-ssac27/data/raw/deepracing/Britain_7_6_2023_16_10_29_trajectory_data/car_12/session_data.npz,CC-BY-4.0
deepracing/racing_trajectory_prediction,1e7ec1dfdb6a3cde726d377b0403b51fa51ab2c4,Britain,Britain_7_6_2023_16_10_29_trajectory_data,car_16,compact_car_data,lap_data.npz,Trajectory_Prediction/Britain_7_6_2023_16_10_29_trajectory_data/car_16/lap_data.npz,https://huggingface.co/datasets/deepracing/racing_trajectory_prediction/resolve/1e7ec1dfdb6a3cde726d377b0403b51fa51ab2c4/Trajectory_Prediction/Britain_7_6_2023_16_10_29_trajectory_data/car_16/lap_data.npz?download=true,ce8b7213290366c7db10a03492cd062e094c9c41,171024,f8eee22df2d0bab0f036a7aa87718d9f97066175b85be20ffb47fbb455614578,brace-f1-ssac27/data/raw/deepracing/Britain_7_6_2023_16_10_29_trajectory_data/car_16/lap_data.npz,CC-BY-4.0
deepracing/racing_trajectory_prediction,1e7ec1dfdb6a3cde726d377b0403b51fa51ab2c4,Britain,Britain_7_6_2023_16_10_29_trajectory_data,car_16,compact_car_data,metadata.yaml,Trajectory_Prediction/Britain_7_6_2023_16_10_29_trajectory_data/car_16/metadata.yaml,https://huggingface.co/datasets/deepracing/racing_trajectory_prediction/resolve/1e7ec1dfdb6a3cde726d377b0403b51fa51ab2c4/Trajectory_Prediction/Britain_7_6_2023_16_10_29_trajectory_data/car_16/metadata.yaml?download=true,0ae40c3c6a190ea835d847f1f0f71eb8179ceec0,1517,940e689e0e55d744cb1ba12b51f8c125dfd3842c94b53923c8e9b201162b2766,brace-f1-ssac27/data/raw/deepracing/Britain_7_6_2023_16_10_29_trajectory_data/car_16/metadata.yaml,CC-BY-4.0
deepracing/racing_trajectory_prediction,1e7ec1dfdb6a3cde726d377b0403b51fa51ab2c4,Britain,Britain_7_6_2023_16_10_29_trajectory_data,car_16,compact_car_data,motion_data.npz,Trajectory_Prediction/Britain_7_6_2023_16_10_29_trajectory_data/car_16/motion_data.npz,https://huggingface.co/datasets/deepracing/racing_trajectory_prediction/resolve/1e7ec1dfdb6a3cde726d377b0403b51fa51ab2c4/Trajectory_Prediction/Britain_7_6_2023_16_10_29_trajectory_data/car_16/motion_data.npz?download=true,c1ab4af4ed9121bdbb290ce31215bdbf5747352f,1110943,4885dcb88a483cf3258c17ceda3d9a99f33ef6a52f231e18a98792676c89429e,brace-f1-ssac27/data/raw/deepracing/Britain_7_6_2023_16_10_29_trajectory_data/car_16/motion_data.npz,CC-BY-4.0
deepracing/racing_trajectory_prediction,1e7ec1dfdb6a3cde726d377b0403b51fa51ab2c4,Britain,Britain_7_6_2023_16_10_29_trajectory_data,car_16,compact_car_data,session_data.npz,Trajectory_Prediction/Britain_7_6_2023_16_10_29_trajectory_data/car_16/session_data.npz,https://huggingface.co/datasets/deepracing/racing_trajectory_prediction/resolve/1e7ec1dfdb6a3cde726d377b0403b51fa51ab2c4/Trajectory_Prediction/Britain_7_6_2023_16_10_29_trajectory_data/car_16/session_data.npz?download=true,7f01a8ec04093214af6304c1107d9a516baf98c1,6078,873c3dbcb4ec137a2ff2b3e6c80608768c1aee5d1ad3735859f93466edcd2827,brace-f1-ssac27/data/raw/deepracing/Britain_7_6_2023_16_10_29_trajectory_data/car_16/session_data.npz,CC-BY-4.0
deepracing/racing_trajectory_prediction,1e7ec1dfdb6a3cde726d377b0403b51fa51ab2c4,Britain,Britain_7_6_2023_16_10_29_trajectory_data,car_17,compact_car_data,lap_data.npz,Trajectory_Prediction/Britain_7_6_2023_16_10_29_trajectory_data/car_17/lap_data.npz,https://huggingface.co/datasets/deepracing/racing_trajectory_prediction/resolve/1e7ec1dfdb6a3cde726d377b0403b51fa51ab2c4/Trajectory_Prediction/Britain_7_6_2023_16_10_29_trajectory_data/car_17/lap_data.npz?download=true,a202b6c8d899600a7579d8d47329e902535bc8ad,183711,1fddd9635166311ad8002e6123619064073ccf7966d184acf516df5832af110e,brace-f1-ssac27/data/raw/deepracing/Britain_7_6_2023_16_10_29_trajectory_data/car_17/lap_data.npz,CC-BY-4.0
deepracing/racing_trajectory_prediction,1e7ec1dfdb6a3cde726d377b0403b51fa51ab2c4,Britain,Britain_7_6_2023_16_10_29_trajectory_data,car_17,compact_car_data,metadata.yaml,Trajectory_Prediction/Britain_7_6_2023_16_10_29_trajectory_data/car_17/metadata.yaml,https://huggingface.co/datasets/deepracing/racing_trajectory_prediction/resolve/1e7ec1dfdb6a3cde726d377b0403b51fa51ab2c4/Trajectory_Prediction/Britain_7_6_2023_16_10_29_trajectory_data/car_17/metadata.yaml?download=true,f5661069488a4b12f084068e80601bea8f48ff77,1517,3cf5b8f7b15b906db32753080970489842cb9acf110e7bb87baf27afeea6b599,brace-f1-ssac27/data/raw/deepracing/Britain_7_6_2023_16_10_29_trajectory_data/car_17/metadata.yaml,CC-BY-4.0
deepracing/racing_trajectory_prediction,1e7ec1dfdb6a3cde726d377b0403b51fa51ab2c4,Britain,Britain_7_6_2023_16_10_29_trajectory_data,car_17,compact_car_data,motion_data.npz,Trajectory_Prediction/Britain_7_6_2023_16_10_29_trajectory_data/car_17/motion_data.npz,https://huggingface.co/datasets/deepracing/racing_trajectory_prediction/resolve/1e7ec1dfdb6a3cde726d377b0403b51fa51ab2c4/Trajectory_Prediction/Britain_7_6_2023_16_10_29_trajectory_data/car_17/motion_data.npz?download=true,8392c2ad6ca6afe8b9bae328c9ad0859ed19ccd5,1114645,f482b2ed442a518b134000a1e3e731245528efadfdeb0ce6d2edf940ba5b32d8,brace-f1-ssac27/data/raw/deepracing/Britain_7_6_2023_16_10_29_trajectory_data/car_17/motion_data.npz,CC-BY-4.0
deepracing/racing_trajectory_prediction,1e7ec1dfdb6a3cde726d377b0403b51fa51ab2c4,Britain,Britain_7_6_2023_16_10_29_trajectory_data,car_17,compact_car_data,session_data.npz,Trajectory_Prediction/Britain_7_6_2023_16_10_29_trajectory_data/car_17/session_data.npz,https://huggingface.co/datasets/deepracing/racing_trajectory_prediction/resolve/1e7ec1dfdb6a3cde726d377b0403b51fa51ab2c4/Trajectory_Prediction/Britain_7_6_2023_16_10_29_trajectory_data/car_17/session_data.npz?download=true,7f01a8ec04093214af6304c1107d9a516baf98c1,6078,873c3dbcb4ec137a2ff2b3e6c80608768c1aee5d1ad3735859f93466edcd2827,brace-f1-ssac27/data/raw/deepracing/Britain_7_6_2023_16_10_29_trajectory_data/car_17/session_data.npz,CC-BY-4.0
deepracing/racing_trajectory_prediction,1e7ec1dfdb6a3cde726d377b0403b51fa51ab2c4,Britain,Britain_7_6_2023_16_10_29_trajectory_data,car_18,compact_car_data,lap_data.npz,Trajectory_Prediction/Britain_7_6_2023_16_10_29_trajectory_data/car_18/lap_data.npz,https://huggingface.co/datasets/deepracing/racing_trajectory_prediction/resolve/1e7ec1dfdb6a3cde726d377b0403b51fa51ab2c4/Trajectory_Prediction/Britain_7_6_2023_16_10_29_trajectory_data/car_18/lap_data.npz?download=true,afac0efeeb97e91a65f221501ad991a7158423a3,157563,4a5e7905d707f94e143e635029895ebf408c4ed20a35b93efc6e1eb6aa3c2264,brace-f1-ssac27/data/raw/deepracing/Britain_7_6_2023_16_10_29_trajectory_data/car_18/lap_data.npz,CC-BY-4.0
deepracing/racing_trajectory_prediction,1e7ec1dfdb6a3cde726d377b0403b51fa51ab2c4,Britain,Britain_7_6_2023_16_10_29_trajectory_data,car_18,compact_car_data,metadata.yaml,Trajectory_Prediction/Britain_7_6_2023_16_10_29_trajectory_data/car_18/metadata.yaml,https://huggingface.co/datasets/deepracing/racing_trajectory_prediction/resolve/1e7ec1dfdb6a3cde726d377b0403b51fa51ab2c4/Trajectory_Prediction/Britain_7_6_2023_16_10_29_trajectory_data/car_18/metadata.yaml?download=true,77d1f843ba239a556bda3b7ab9f506536e0dd12c,1517,be665d0c8cb271302ceb184dc0c3c30cb0380042fc747da0c52e217e4b136ba6,brace-f1-ssac27/data/raw/deepracing/Britain_7_6_2023_16_10_29_trajectory_data/car_18/metadata.yaml,CC-BY-4.0
deepracing/racing_trajectory_prediction,1e7ec1dfdb6a3cde726d377b0403b51fa51ab2c4,Britain,Britain_7_6_2023_16_10_29_trajectory_data,car_18,compact_car_data,motion_data.npz,Trajectory_Prediction/Britain_7_6_2023_16_10_29_trajectory_data/car_18/motion_data.npz,https://huggingface.co/datasets/deepracing/racing_trajectory_prediction/resolve/1e7ec1dfdb6a3cde726d377b0403b51fa51ab2c4/Trajectory_Prediction/Britain_7_6_2023_16_10_29_trajectory_data/car_18/motion_data.npz?download=true,68d8b56b9489b0c47e714bba1688f0be9ef7e81f,1003286,8c29a23799f4df8cbd618b5ea7ad4123d9c905251f4816a725325b14d8b8dd21,brace-f1-ssac27/data/raw/deepracing/Britain_7_6_2023_16_10_29_trajectory_data/car_18/motion_data.npz,CC-BY-4.0
deepracing/racing_trajectory_prediction,1e7ec1dfdb6a3cde726d377b0403b51fa51ab2c4,Britain,Britain_7_6_2023_16_10_29_trajectory_data,car_18,compact_car_data,session_data.npz,Trajectory_Prediction/Britain_7_6_2023_16_10_29_trajectory_data/car_18/session_data.npz,https://huggingface.co/datasets/deepracing/racing_trajectory_prediction/resolve/1e7ec1dfdb6a3cde726d377b0403b51fa51ab2c4/Trajectory_Prediction/Britain_7_6_2023_16_10_29_trajectory_data/car_18/session_data.npz?download=true,7f01a8ec04093214af6304c1107d9a516baf98c1,6078,873c3dbcb4ec137a2ff2b3e6c80608768c1aee5d1ad3735859f93466edcd2827,brace-f1-ssac27/data/raw/deepracing/Britain_7_6_2023_16_10_29_trajectory_data/car_18/session_data.npz,CC-BY-4.0
deepracing/racing_trajectory_prediction,1e7ec1dfdb6a3cde726d377b0403b51fa51ab2c4,Britain,Britain_7_6_2023_16_10_29_trajectory_data,car_2,boundary,center_line.pcd,Trajectory_Prediction/Britain_7_6_2023_16_10_29_trajectory_data/car_2/center_line.pcd,https://huggingface.co/datasets/deepracing/racing_trajectory_prediction/resolve/1e7ec1dfdb6a3cde726d377b0403b51fa51ab2c4/Trajectory_Prediction/Britain_7_6_2023_16_10_29_trajectory_data/car_2/center_line.pcd?download=true,c3ff7a272a29a220656452d4e31511e526539d7f,105608,fa2b9248b09da7fd290b9c63b2d0c960d70afb66703008e0e9682d995af2c5d8,brace-f1-ssac27/data/raw/deepracing/Britain_7_6_2023_16_10_29_trajectory_data/car_2/center_line.pcd,CC-BY-4.0
deepracing/racing_trajectory_prediction,1e7ec1dfdb6a3cde726d377b0403b51fa51ab2c4,Britain,Britain_7_6_2023_16_10_29_trajectory_data,car_2,boundary,inner_boundary.pcd,Trajectory_Prediction/Britain_7_6_2023_16_10_29_trajectory_data/car_2/inner_boundary.pcd,https://huggingface.co/datasets/deepracing/racing_trajectory_prediction/resolve/1e7ec1dfdb6a3cde726d377b0403b51fa51ab2c4/Trajectory_Prediction/Britain_7_6_2023_16_10_29_trajectory_data/car_2/inner_boundary.pcd?download=true,ef0a86b5301b7cea3870599f40f21268ee8157ab,104980,a0cd39559076a43924210be3e315255d83d4d588e64e7b742b5f08513a7b7cc4,brace-f1-ssac27/data/raw/deepracing/Britain_7_6_2023_16_10_29_trajectory_data/car_2/inner_boundary.pcd,CC-BY-4.0
deepracing/racing_trajectory_prediction,1e7ec1dfdb6a3cde726d377b0403b51fa51ab2c4,Britain,Britain_7_6_2023_16_10_29_trajectory_data,car_2,compact_car_data,lap_data.npz,Trajectory_Prediction/Britain_7_6_2023_16_10_29_trajectory_data/car_2/lap_data.npz,https://huggingface.co/datasets/deepracing/racing_trajectory_prediction/resolve/1e7ec1dfdb6a3cde726d377b0403b51fa51ab2c4/Trajectory_Prediction/Britain_7_6_2023_16_10_29_trajectory_data/car_2/lap_data.npz?download=true,bd3adab7cf2dd781bf3a4509a421908a5c2ff468,174647,47b27f0ac4e4e0d42b237ce9af18a0a977761ae53daf6eeb12998d3568ee5996,brace-f1-ssac27/data/raw/deepracing/Britain_7_6_2023_16_10_29_trajectory_data/car_2/lap_data.npz,CC-BY-4.0
deepracing/racing_trajectory_prediction,1e7ec1dfdb6a3cde726d377b0403b51fa51ab2c4,Britain,Britain_7_6_2023_16_10_29_trajectory_data,car_2,compact_car_data,metadata.yaml,Trajectory_Prediction/Britain_7_6_2023_16_10_29_trajectory_data/car_2/metadata.yaml,https://huggingface.co/datasets/deepracing/racing_trajectory_prediction/resolve/1e7ec1dfdb6a3cde726d377b0403b51fa51ab2c4/Trajectory_Prediction/Britain_7_6_2023_16_10_29_trajectory_data/car_2/metadata.yaml?download=true,f7719a1e15fe6763ddad7e1b824c37c2d6917bf3,1517,a9dd2df3e413b5942dd60f90478998a90bc09b5f863763d29b7902f5ec5c4358,brace-f1-ssac27/data/raw/deepracing/Britain_7_6_2023_16_10_29_trajectory_data/car_2/metadata.yaml,CC-BY-4.0
deepracing/racing_trajectory_prediction,1e7ec1dfdb6a3cde726d377b0403b51fa51ab2c4,Britain,Britain_7_6_2023_16_10_29_trajectory_data,car_2,compact_car_data,motion_data.npz,Trajectory_Prediction/Britain_7_6_2023_16_10_29_trajectory_data/car_2/motion_data.npz,https://huggingface.co/datasets/deepracing/racing_trajectory_prediction/resolve/1e7ec1dfdb6a3cde726d377b0403b51fa51ab2c4/Trajectory_Prediction/Britain_7_6_2023_16_10_29_trajectory_data/car_2/motion_data.npz?download=true,4b87e577e5a1f5ef23dd98a45cef96a1c8cb215e,1114868,6f83de2a4b00c19828c50e9aa86e79ff4c1c13e4f352bd8675baf7ead03b5724,brace-f1-ssac27/data/raw/deepracing/Britain_7_6_2023_16_10_29_trajectory_data/car_2/motion_data.npz,CC-BY-4.0
deepracing/racing_trajectory_prediction,1e7ec1dfdb6a3cde726d377b0403b51fa51ab2c4,Britain,Britain_7_6_2023_16_10_29_trajectory_data,car_2,boundary,outer_boundary.pcd,Trajectory_Prediction/Britain_7_6_2023_16_10_29_trajectory_data/car_2/outer_boundary.pcd,https://huggingface.co/datasets/deepracing/racing_trajectory_prediction/resolve/1e7ec1dfdb6a3cde726d377b0403b51fa51ab2c4/Trajectory_Prediction/Britain_7_6_2023_16_10_29_trajectory_data/car_2/outer_boundary.pcd?download=true,bab9c58b3148fb6b220f05adf759818da7161107,106219,0cdf093ebdbbdf7a403c942cf88ae357611f36649b3e0db4672c2e2590d249b0,brace-f1-ssac27/data/raw/deepracing/Britain_7_6_2023_16_10_29_trajectory_data/car_2/outer_boundary.pcd,CC-BY-4.0
deepracing/racing_trajectory_prediction,1e7ec1dfdb6a3cde726d377b0403b51fa51ab2c4,Britain,Britain_7_6_2023_16_10_29_trajectory_data,car_2,compact_car_data,session_data.npz,Trajectory_Prediction/Britain_7_6_2023_16_10_29_trajectory_data/car_2/session_data.npz,https://huggingface.co/datasets/deepracing/racing_trajectory_prediction/resolve/1e7ec1dfdb6a3cde726d377b0403b51fa51ab2c4/Trajectory_Prediction/Britain_7_6_2023_16_10_29_trajectory_data/car_2/session_data.npz?download=true,7f01a8ec04093214af6304c1107d9a516baf98c1,6078,873c3dbcb4ec137a2ff2b3e6c80608768c1aee5d1ad3735859f93466edcd2827,brace-f1-ssac27/data/raw/deepracing/Britain_7_6_2023_16_10_29_trajectory_data/car_2/session_data.npz,CC-BY-4.0
deepracing/racing_trajectory_prediction,1e7ec1dfdb6a3cde726d377b0403b51fa51ab2c4,Britain,Britain_7_6_2023_16_10_29_trajectory_data,car_3,compact_car_data,lap_data.npz,Trajectory_Prediction/Britain_7_6_2023_16_10_29_trajectory_data/car_3/lap_data.npz,https://huggingface.co/datasets/deepracing/racing_trajectory_prediction/resolve/1e7ec1dfdb6a3cde726d377b0403b51fa51ab2c4/Trajectory_Prediction/Britain_7_6_2023_16_10_29_trajectory_data/car_3/lap_data.npz?download=true,e1f9809ffc826a21a7f06b234dc55b08b011c70b,180265,380dc7e455db9b9233949e6d4fb37b0e229796e40f79811350b995ce05040791,brace-f1-ssac27/data/raw/deepracing/Britain_7_6_2023_16_10_29_trajectory_data/car_3/lap_data.npz,CC-BY-4.0
deepracing/racing_trajectory_prediction,1e7ec1dfdb6a3cde726d377b0403b51fa51ab2c4,Britain,Britain_7_6_2023_16_10_29_trajectory_data,car_3,compact_car_data,metadata.yaml,Trajectory_Prediction/Britain_7_6_2023_16_10_29_trajectory_data/car_3/metadata.yaml,https://huggingface.co/datasets/deepracing/racing_trajectory_prediction/resolve/1e7ec1dfdb6a3cde726d377b0403b51fa51ab2c4/Trajectory_Prediction/Britain_7_6_2023_16_10_29_trajectory_data/car_3/metadata.yaml?download=true,7ba246319030e2f667a3c1dbe720386a5ac2dde2,1517,8d750a8900e93424cfde3faf32576f80b4101a24551e3916c45f308f98132804,brace-f1-ssac27/data/raw/deepracing/Britain_7_6_2023_16_10_29_trajectory_data/car_3/metadata.yaml,CC-BY-4.0
deepracing/racing_trajectory_prediction,1e7ec1dfdb6a3cde726d377b0403b51fa51ab2c4,Britain,Britain_7_6_2023_16_10_29_trajectory_data,car_3,compact_car_data,motion_data.npz,Trajectory_Prediction/Britain_7_6_2023_16_10_29_trajectory_data/car_3/motion_data.npz,https://huggingface.co/datasets/deepracing/racing_trajectory_prediction/resolve/1e7ec1dfdb6a3cde726d377b0403b51fa51ab2c4/Trajectory_Prediction/Britain_7_6_2023_16_10_29_trajectory_data/car_3/motion_data.npz?download=true,ccc98ee64090596dd28827c128d63b5f8bbdb10e,1116398,51dde63f0de17691891d062f5b0f13f4d8fe63635f955285d97f33e5c693d3e7,brace-f1-ssac27/data/raw/deepracing/Britain_7_6_2023_16_10_29_trajectory_data/car_3/motion_data.npz,CC-BY-4.0
deepracing/racing_trajectory_prediction,1e7ec1dfdb6a3cde726d377b0403b51fa51ab2c4,Britain,Britain_7_6_2023_16_10_29_trajectory_data,car_3,compact_car_data,session_data.npz,Trajectory_Prediction/Britain_7_6_2023_16_10_29_trajectory_data/car_3/session_data.npz,https://huggingface.co/datasets/deepracing/racing_trajectory_prediction/resolve/1e7ec1dfdb6a3cde726d377b0403b51fa51ab2c4/Trajectory_Prediction/Britain_7_6_2023_16_10_29_trajectory_data/car_3/session_data.npz?download=true,7f01a8ec04093214af6304c1107d9a516baf98c1,6078,873c3dbcb4ec137a2ff2b3e6c80608768c1aee5d1ad3735859f93466edcd2827,brace-f1-ssac27/data/raw/deepracing/Britain_7_6_2023_16_10_29_trajectory_data/car_3/session_data.npz,CC-BY-4.0
deepracing/racing_trajectory_prediction,1e7ec1dfdb6a3cde726d377b0403b51fa51ab2c4,Britain,Britain_7_6_2023_16_10_29_trajectory_data,car_6,compact_car_data,lap_data.npz,Trajectory_Prediction/Britain_7_6_2023_16_10_29_trajectory_data/car_6/lap_data.npz,https://huggingface.co/datasets/deepracing/racing_trajectory_prediction/resolve/1e7ec1dfdb6a3cde726d377b0403b51fa51ab2c4/Trajectory_Prediction/Britain_7_6_2023_16_10_29_trajectory_data/car_6/lap_data.npz?download=true,38b4c5ae3c9e5471940242264231319442b2dfa4,187896,1072d79e474b0967e50b1c1fe455f2f0ca8c22f62a92450a0e260914f9095f4d,brace-f1-ssac27/data/raw/deepracing/Britain_7_6_2023_16_10_29_trajectory_data/car_6/lap_data.npz,CC-BY-4.0
deepracing/racing_trajectory_prediction,1e7ec1dfdb6a3cde726d377b0403b51fa51ab2c4,Britain,Britain_7_6_2023_16_10_29_trajectory_data,car_6,compact_car_data,metadata.yaml,Trajectory_Prediction/Britain_7_6_2023_16_10_29_trajectory_data/car_6/metadata.yaml,https://huggingface.co/datasets/deepracing/racing_trajectory_prediction/resolve/1e7ec1dfdb6a3cde726d377b0403b51fa51ab2c4/Trajectory_Prediction/Britain_7_6_2023_16_10_29_trajectory_data/car_6/metadata.yaml?download=true,f96c0a056200907e44dccc3b1db6d8b2634038b9,1517,ebfe02064ab8e070099d8613566c2401ee52df6b93d7d9497a0b10b370778363,brace-f1-ssac27/data/raw/deepracing/Britain_7_6_2023_16_10_29_trajectory_data/car_6/metadata.yaml,CC-BY-4.0
deepracing/racing_trajectory_prediction,1e7ec1dfdb6a3cde726d377b0403b51fa51ab2c4,Britain,Britain_7_6_2023_16_10_29_trajectory_data,car_6,compact_car_data,motion_data.npz,Trajectory_Prediction/Britain_7_6_2023_16_10_29_trajectory_data/car_6/motion_data.npz,https://huggingface.co/datasets/deepracing/racing_trajectory_prediction/resolve/1e7ec1dfdb6a3cde726d377b0403b51fa51ab2c4/Trajectory_Prediction/Britain_7_6_2023_16_10_29_trajectory_data/car_6/motion_data.npz?download=true,7bb2b750dceccb08d0733ca39a8ed0d2b7b4b74f,1114432,d153cd99cdb1f25505f12295f0723f1047272546bd4b1c0e9dc8fdfd5e46c870,brace-f1-ssac27/data/raw/deepracing/Britain_7_6_2023_16_10_29_trajectory_data/car_6/motion_data.npz,CC-BY-4.0
deepracing/racing_trajectory_prediction,1e7ec1dfdb6a3cde726d377b0403b51fa51ab2c4,Britain,Britain_7_6_2023_16_10_29_trajectory_data,car_6,compact_car_data,session_data.npz,Trajectory_Prediction/Britain_7_6_2023_16_10_29_trajectory_data/car_6/session_data.npz,https://huggingface.co/datasets/deepracing/racing_trajectory_prediction/resolve/1e7ec1dfdb6a3cde726d377b0403b51fa51ab2c4/Trajectory_Prediction/Britain_7_6_2023_16_10_29_trajectory_data/car_6/session_data.npz?download=true,7f01a8ec04093214af6304c1107d9a516baf98c1,6078,873c3dbcb4ec137a2ff2b3e6c80608768c1aee5d1ad3735859f93466edcd2827,brace-f1-ssac27/data/raw/deepracing/Britain_7_6_2023_16_10_29_trajectory_data/car_6/session_data.npz,CC-BY-4.0
deepracing/racing_trajectory_prediction,1e7ec1dfdb6a3cde726d377b0403b51fa51ab2c4,Britain,Britain_7_6_2023_16_10_29_trajectory_data,car_7,compact_car_data,lap_data.npz,Trajectory_Prediction/Britain_7_6_2023_16_10_29_trajectory_data/car_7/lap_data.npz,https://huggingface.co/datasets/deepracing/racing_trajectory_prediction/resolve/1e7ec1dfdb6a3cde726d377b0403b51fa51ab2c4/Trajectory_Prediction/Britain_7_6_2023_16_10_29_trajectory_data/car_7/lap_data.npz?download=true,8fd327d23e3aadaada66457e6ea03a64617346ad,173451,3d2fc0c9d734fddf37c154c2afbede3caaca9a6f86d5904f4da5281be8b43466,brace-f1-ssac27/data/raw/deepracing/Britain_7_6_2023_16_10_29_trajectory_data/car_7/lap_data.npz,CC-BY-4.0
deepracing/racing_trajectory_prediction,1e7ec1dfdb6a3cde726d377b0403b51fa51ab2c4,Britain,Britain_7_6_2023_16_10_29_trajectory_data,car_7,compact_car_data,metadata.yaml,Trajectory_Prediction/Britain_7_6_2023_16_10_29_trajectory_data/car_7/metadata.yaml,https://huggingface.co/datasets/deepracing/racing_trajectory_prediction/resolve/1e7ec1dfdb6a3cde726d377b0403b51fa51ab2c4/Trajectory_Prediction/Britain_7_6_2023_16_10_29_trajectory_data/car_7/metadata.yaml?download=true,13b2534333ae387fe3f72c7b9c4e4bdcb493a2fc,1517,98f1684e6164febe2cf7e91c602d0f6938bd589f19cd72409f0bbb255edca642,brace-f1-ssac27/data/raw/deepracing/Britain_7_6_2023_16_10_29_trajectory_data/car_7/metadata.yaml,CC-BY-4.0
deepracing/racing_trajectory_prediction,1e7ec1dfdb6a3cde726d377b0403b51fa51ab2c4,Britain,Britain_7_6_2023_16_10_29_trajectory_data,car_7,compact_car_data,motion_data.npz,Trajectory_Prediction/Britain_7_6_2023_16_10_29_trajectory_data/car_7/motion_data.npz,https://huggingface.co/datasets/deepracing/racing_trajectory_prediction/resolve/1e7ec1dfdb6a3cde726d377b0403b51fa51ab2c4/Trajectory_Prediction/Britain_7_6_2023_16_10_29_trajectory_data/car_7/motion_data.npz?download=true,545998fe23cead080d9ed2b529e670b8a1976fe6,1111837,ea0c00b5472a54659b9cb419249b3072022509f302581d93efa0f2d2d7337abb,brace-f1-ssac27/data/raw/deepracing/Britain_7_6_2023_16_10_29_trajectory_data/car_7/motion_data.npz,CC-BY-4.0
deepracing/racing_trajectory_prediction,1e7ec1dfdb6a3cde726d377b0403b51fa51ab2c4,Britain,Britain_7_6_2023_16_10_29_trajectory_data,car_7,compact_car_data,session_data.npz,Trajectory_Prediction/Britain_7_6_2023_16_10_29_trajectory_data/car_7/session_data.npz,https://huggingface.co/datasets/deepracing/racing_trajectory_prediction/resolve/1e7ec1dfdb6a3cde726d377b0403b51fa51ab2c4/Trajectory_Prediction/Britain_7_6_2023_16_10_29_trajectory_data/car_7/session_data.npz?download=true,7f01a8ec04093214af6304c1107d9a516baf98c1,6078,873c3dbcb4ec137a2ff2b3e6c80608768c1aee5d1ad3735859f93466edcd2827,brace-f1-ssac27/data/raw/deepracing/Britain_7_6_2023_16_10_29_trajectory_data/car_7/session_data.npz,CC-BY-4.0
deepracing/racing_trajectory_prediction,1e7ec1dfdb6a3cde726d377b0403b51fa51ab2c4,Britain,Britain_7_6_2023_16_10_29_trajectory_data,car_8,compact_car_data,lap_data.npz,Trajectory_Prediction/Britain_7_6_2023_16_10_29_trajectory_data/car_8/lap_data.npz,https://huggingface.co/datasets/deepracing/racing_trajectory_prediction/resolve/1e7ec1dfdb6a3cde726d377b0403b51fa51ab2c4/Trajectory_Prediction/Britain_7_6_2023_16_10_29_trajectory_data/car_8/lap_data.npz?download=true,e7ced920d68d4a652fe20fa81425256f09d1fcdd,99830,ffda6647ee21a12c8bac953279cf5aa67e4a555a64b33aa25d4d316cafae9d2d,brace-f1-ssac27/data/raw/deepracing/Britain_7_6_2023_16_10_29_trajectory_data/car_8/lap_data.npz,CC-BY-4.0
deepracing/racing_trajectory_prediction,1e7ec1dfdb6a3cde726d377b0403b51fa51ab2c4,Britain,Britain_7_6_2023_16_10_29_trajectory_data,car_8,compact_car_data,metadata.yaml,Trajectory_Prediction/Britain_7_6_2023_16_10_29_trajectory_data/car_8/metadata.yaml,https://huggingface.co/datasets/deepracing/racing_trajectory_prediction/resolve/1e7ec1dfdb6a3cde726d377b0403b51fa51ab2c4/Trajectory_Prediction/Britain_7_6_2023_16_10_29_trajectory_data/car_8/metadata.yaml?download=true,607bdd7bb378c29e66c855a40b854914cda2ae27,1513,29b91e29aa573afef16c5a00fdc0bd093e3be12ac6702e6061c784fb7cc552b2,brace-f1-ssac27/data/raw/deepracing/Britain_7_6_2023_16_10_29_trajectory_data/car_8/metadata.yaml,CC-BY-4.0
deepracing/racing_trajectory_prediction,1e7ec1dfdb6a3cde726d377b0403b51fa51ab2c4,Britain,Britain_7_6_2023_16_10_29_trajectory_data,car_8,compact_car_data,motion_data.npz,Trajectory_Prediction/Britain_7_6_2023_16_10_29_trajectory_data/car_8/motion_data.npz,https://huggingface.co/datasets/deepracing/racing_trajectory_prediction/resolve/1e7ec1dfdb6a3cde726d377b0403b51fa51ab2c4/Trajectory_Prediction/Britain_7_6_2023_16_10_29_trajectory_data/car_8/motion_data.npz?download=true,5490658ee1a28cc1cb36be7f004c88c06f1d9823,586727,b39b33e4f5f38076eff5a9376daaa513384609605fc197a40221680b2266fa8b,brace-f1-ssac27/data/raw/deepracing/Britain_7_6_2023_16_10_29_trajectory_data/car_8/motion_data.npz,CC-BY-4.0
deepracing/racing_trajectory_prediction,1e7ec1dfdb6a3cde726d377b0403b51fa51ab2c4,Britain,Britain_7_6_2023_16_10_29_trajectory_data,car_8,compact_car_data,session_data.npz,Trajectory_Prediction/Britain_7_6_2023_16_10_29_trajectory_data/car_8/session_data.npz,https://huggingface.co/datasets/deepracing/racing_trajectory_prediction/resolve/1e7ec1dfdb6a3cde726d377b0403b51fa51ab2c4/Trajectory_Prediction/Britain_7_6_2023_16_10_29_trajectory_data/car_8/session_data.npz?download=true,7f01a8ec04093214af6304c1107d9a516baf98c1,6078,873c3dbcb4ec137a2ff2b3e6c80608768c1aee5d1ad3735859f93466edcd2827,brace-f1-ssac27/data/raw/deepracing/Britain_7_6_2023_16_10_29_trajectory_data/car_8/session_data.npz,CC-BY-4.0
deepracing/racing_trajectory_prediction,1e7ec1dfdb6a3cde726d377b0403b51fa51ab2c4,Jeddah,Jeddah_7_13_2023_15_27_32_trajectory_data,car_0,compact_car_data,lap_data.npz,Trajectory_Prediction/Jeddah_7_13_2023_15_27_32_trajectory_data/car_0/lap_data.npz,https://huggingface.co/datasets/deepracing/racing_trajectory_prediction/resolve/1e7ec1dfdb6a3cde726d377b0403b51fa51ab2c4/Trajectory_Prediction/Jeddah_7_13_2023_15_27_32_trajectory_data/car_0/lap_data.npz?download=true,eab1128136d0caebdef0882341d0d4432be5f8ad,292561,d69c1621eabd6009dc5c8f039d2fdc7f020256154310264d54d5abeece7173f6,brace-f1-ssac27/data/raw/deepracing/Jeddah_7_13_2023_15_27_32_trajectory_data/car_0/lap_data.npz,CC-BY-4.0
deepracing/racing_trajectory_prediction,1e7ec1dfdb6a3cde726d377b0403b51fa51ab2c4,Jeddah,Jeddah_7_13_2023_15_27_32_trajectory_data,car_0,compact_car_data,metadata.yaml,Trajectory_Prediction/Jeddah_7_13_2023_15_27_32_trajectory_data/car_0/metadata.yaml,https://huggingface.co/datasets/deepracing/racing_trajectory_prediction/resolve/1e7ec1dfdb6a3cde726d377b0403b51fa51ab2c4/Trajectory_Prediction/Jeddah_7_13_2023_15_27_32_trajectory_data/car_0/metadata.yaml?download=true,0fffa82953e5c2cd1c09dbeb5b6b71c47ca5f07b,1513,f0d21867f7a14496cd91822531d3edd2e0f31ff5539d3a184a903456dc30e66d,brace-f1-ssac27/data/raw/deepracing/Jeddah_7_13_2023_15_27_32_trajectory_data/car_0/metadata.yaml,CC-BY-4.0
deepracing/racing_trajectory_prediction,1e7ec1dfdb6a3cde726d377b0403b51fa51ab2c4,Jeddah,Jeddah_7_13_2023_15_27_32_trajectory_data,car_0,compact_car_data,motion_data.npz,Trajectory_Prediction/Jeddah_7_13_2023_15_27_32_trajectory_data/car_0/motion_data.npz,https://huggingface.co/datasets/deepracing/racing_trajectory_prediction/resolve/1e7ec1dfdb6a3cde726d377b0403b51fa51ab2c4/Trajectory_Prediction/Jeddah_7_13_2023_15_27_32_trajectory_data/car_0/motion_data.npz?download=true,5ea18eb7cfc18c662bdb4c2cdc150b636236206e,1316956,cb53c168e94d7c7a81b79ee557541823e8e467256f76b63ef59b445662da3889,brace-f1-ssac27/data/raw/deepracing/Jeddah_7_13_2023_15_27_32_trajectory_data/car_0/motion_data.npz,CC-BY-4.0
deepracing/racing_trajectory_prediction,1e7ec1dfdb6a3cde726d377b0403b51fa51ab2c4,Jeddah,Jeddah_7_13_2023_15_27_32_trajectory_data,car_0,compact_car_data,session_data.npz,Trajectory_Prediction/Jeddah_7_13_2023_15_27_32_trajectory_data/car_0/session_data.npz,https://huggingface.co/datasets/deepracing/racing_trajectory_prediction/resolve/1e7ec1dfdb6a3cde726d377b0403b51fa51ab2c4/Trajectory_Prediction/Jeddah_7_13_2023_15_27_32_trajectory_data/car_0/session_data.npz?download=true,efe702de2f928dd7e3fc453982719bafe79a131a,7893,4b01e39365c5fe1ea44f6ff29d273d887cb2e7e17a45c80e56d059255ddf35f6,brace-f1-ssac27/data/raw/deepracing/Jeddah_7_13_2023_15_27_32_trajectory_data/car_0/session_data.npz,CC-BY-4.0
deepracing/racing_trajectory_prediction,1e7ec1dfdb6a3cde726d377b0403b51fa51ab2c4,Jeddah,Jeddah_7_13_2023_15_27_32_trajectory_data,car_1,compact_car_data,lap_data.npz,Trajectory_Prediction/Jeddah_7_13_2023_15_27_32_trajectory_data/car_1/lap_data.npz,https://huggingface.co/datasets/deepracing/racing_trajectory_prediction/resolve/1e7ec1dfdb6a3cde726d377b0403b51fa51ab2c4/Trajectory_Prediction/Jeddah_7_13_2023_15_27_32_trajectory_data/car_1/lap_data.npz?download=true,b23449252096171a3c0c4a86064a8b86ce14a6d2,292555,0200210b4e75f0d1c1a9cc0d5cf4a84e65c8454c9b16ec6e661cb89d74905c62,brace-f1-ssac27/data/raw/deepracing/Jeddah_7_13_2023_15_27_32_trajectory_data/car_1/lap_data.npz,CC-BY-4.0
deepracing/racing_trajectory_prediction,1e7ec1dfdb6a3cde726d377b0403b51fa51ab2c4,Jeddah,Jeddah_7_13_2023_15_27_32_trajectory_data,car_1,compact_car_data,metadata.yaml,Trajectory_Prediction/Jeddah_7_13_2023_15_27_32_trajectory_data/car_1/metadata.yaml,https://huggingface.co/datasets/deepracing/racing_trajectory_prediction/resolve/1e7ec1dfdb6a3cde726d377b0403b51fa51ab2c4/Trajectory_Prediction/Jeddah_7_13_2023_15_27_32_trajectory_data/car_1/metadata.yaml?download=true,a1ca8d58d556d9a03a9c0fd12029f1ac6590e986,1513,77eab974f122d24b46cc77f11441e94b6eba55451ab77a1c5a8a93e148f1d132,brace-f1-ssac27/data/raw/deepracing/Jeddah_7_13_2023_15_27_32_trajectory_data/car_1/metadata.yaml,CC-BY-4.0
deepracing/racing_trajectory_prediction,1e7ec1dfdb6a3cde726d377b0403b51fa51ab2c4,Jeddah,Jeddah_7_13_2023_15_27_32_trajectory_data,car_1,compact_car_data,motion_data.npz,Trajectory_Prediction/Jeddah_7_13_2023_15_27_32_trajectory_data/car_1/motion_data.npz,https://huggingface.co/datasets/deepracing/racing_trajectory_prediction/resolve/1e7ec1dfdb6a3cde726d377b0403b51fa51ab2c4/Trajectory_Prediction/Jeddah_7_13_2023_15_27_32_trajectory_data/car_1/motion_data.npz?download=true,03f7b6b6d5a64c5c4bfe4ae33ce52fa427b54386,1317229,4ad88d812194ac1c9d1e4115396adaa45df4ec8471a482b6d70c823e46e4fcb5,brace-f1-ssac27/data/raw/deepracing/Jeddah_7_13_2023_15_27_32_trajectory_data/car_1/motion_data.npz,CC-BY-4.0
deepracing/racing_trajectory_prediction,1e7ec1dfdb6a3cde726d377b0403b51fa51ab2c4,Jeddah,Jeddah_7_13_2023_15_27_32_trajectory_data,car_1,compact_car_data,session_data.npz,Trajectory_Prediction/Jeddah_7_13_2023_15_27_32_trajectory_data/car_1/session_data.npz,https://huggingface.co/datasets/deepracing/racing_trajectory_prediction/resolve/1e7ec1dfdb6a3cde726d377b0403b51fa51ab2c4/Trajectory_Prediction/Jeddah_7_13_2023_15_27_32_trajectory_data/car_1/session_data.npz?download=true,efe702de2f928dd7e3fc453982719bafe79a131a,7893,4b01e39365c5fe1ea44f6ff29d273d887cb2e7e17a45c80e56d059255ddf35f6,brace-f1-ssac27/data/raw/deepracing/Jeddah_7_13_2023_15_27_32_trajectory_data/car_1/session_data.npz,CC-BY-4.0
deepracing/racing_trajectory_prediction,1e7ec1dfdb6a3cde726d377b0403b51fa51ab2c4,Jeddah,Jeddah_7_13_2023_15_27_32_trajectory_data,car_10,compact_car_data,lap_data.npz,Trajectory_Prediction/Jeddah_7_13_2023_15_27_32_trajectory_data/car_10/lap_data.npz,https://huggingface.co/datasets/deepracing/racing_trajectory_prediction/resolve/1e7ec1dfdb6a3cde726d377b0403b51fa51ab2c4/Trajectory_Prediction/Jeddah_7_13_2023_15_27_32_trajectory_data/car_10/lap_data.npz?download=true,3d66a35a5ba1b449ea3fa689d3fa7ffa6fed79db,295513,0969109f00874ad4289ef0270be9833fb0e86dbb01790ab0d0640aa411795c0b,brace-f1-ssac27/data/raw/deepracing/Jeddah_7_13_2023_15_27_32_trajectory_data/car_10/lap_data.npz,CC-BY-4.0
deepracing/racing_trajectory_prediction,1e7ec1dfdb6a3cde726d377b0403b51fa51ab2c4,Jeddah,Jeddah_7_13_2023_15_27_32_trajectory_data,car_10,compact_car_data,metadata.yaml,Trajectory_Prediction/Jeddah_7_13_2023_15_27_32_trajectory_data/car_10/metadata.yaml,https://huggingface.co/datasets/deepracing/racing_trajectory_prediction/resolve/1e7ec1dfdb6a3cde726d377b0403b51fa51ab2c4/Trajectory_Prediction/Jeddah_7_13_2023_15_27_32_trajectory_data/car_10/metadata.yaml?download=true,e6b5480f13435b8e24a76c082ca1876153a4b312,1513,c115894123bd3b3aab65aebcfeab1e06312922ae461e904486acfadf4a85e88e,brace-f1-ssac27/data/raw/deepracing/Jeddah_7_13_2023_15_27_32_trajectory_data/car_10/metadata.yaml,CC-BY-4.0
deepracing/racing_trajectory_prediction,1e7ec1dfdb6a3cde726d377b0403b51fa51ab2c4,Jeddah,Jeddah_7_13_2023_15_27_32_trajectory_data,car_10,compact_car_data,motion_data.npz,Trajectory_Prediction/Jeddah_7_13_2023_15_27_32_trajectory_data/car_10/motion_data.npz,https://huggingface.co/datasets/deepracing/racing_trajectory_prediction/resolve/1e7ec1dfdb6a3cde726d377b0403b51fa51ab2c4/Trajectory_Prediction/Jeddah_7_13_2023_15_27_32_trajectory_data/car_10/motion_data.npz?download=true,f16cc786f6b6d5cbea3b84b046366775e1d0bfda,1343075,8842f6c03782da7068e4ae4c6842be789eb0909f8f2ab0eedef2b4981a65c7ac,brace-f1-ssac27/data/raw/deepracing/Jeddah_7_13_2023_15_27_32_trajectory_data/car_10/motion_data.npz,CC-BY-4.0
deepracing/racing_trajectory_prediction,1e7ec1dfdb6a3cde726d377b0403b51fa51ab2c4,Jeddah,Jeddah_7_13_2023_15_27_32_trajectory_data,car_10,compact_car_data,session_data.npz,Trajectory_Prediction/Jeddah_7_13_2023_15_27_32_trajectory_data/car_10/session_data.npz,https://huggingface.co/datasets/deepracing/racing_trajectory_prediction/resolve/1e7ec1dfdb6a3cde726d377b0403b51fa51ab2c4/Trajectory_Prediction/Jeddah_7_13_2023_15_27_32_trajectory_data/car_10/session_data.npz?download=true,efe702de2f928dd7e3fc453982719bafe79a131a,7893,4b01e39365c5fe1ea44f6ff29d273d887cb2e7e17a45c80e56d059255ddf35f6,brace-f1-ssac27/data/raw/deepracing/Jeddah_7_13_2023_15_27_32_trajectory_data/car_10/session_data.npz,CC-BY-4.0
deepracing/racing_trajectory_prediction,1e7ec1dfdb6a3cde726d377b0403b51fa51ab2c4,Jeddah,Jeddah_7_13_2023_15_27_32_trajectory_data,car_11,compact_car_data,lap_data.npz,Trajectory_Prediction/Jeddah_7_13_2023_15_27_32_trajectory_data/car_11/lap_data.npz,https://huggingface.co/datasets/deepracing/racing_trajectory_prediction/resolve/1e7ec1dfdb6a3cde726d377b0403b51fa51ab2c4/Trajectory_Prediction/Jeddah_7_13_2023_15_27_32_trajectory_data/car_11/lap_data.npz?download=true,d8c01b00158bf386488d1088426cb18418d0cd64,294887,f8732d67bdb38b699ad5058fc89958680e489797e148149586fbe8857f4d57dd,brace-f1-ssac27/data/raw/deepracing/Jeddah_7_13_2023_15_27_32_trajectory_data/car_11/lap_data.npz,CC-BY-4.0
deepracing/racing_trajectory_prediction,1e7ec1dfdb6a3cde726d377b0403b51fa51ab2c4,Jeddah,Jeddah_7_13_2023_15_27_32_trajectory_data,car_11,compact_car_data,metadata.yaml,Trajectory_Prediction/Jeddah_7_13_2023_15_27_32_trajectory_data/car_11/metadata.yaml,https://huggingface.co/datasets/deepracing/racing_trajectory_prediction/resolve/1e7ec1dfdb6a3cde726d377b0403b51fa51ab2c4/Trajectory_Prediction/Jeddah_7_13_2023_15_27_32_trajectory_data/car_11/metadata.yaml?download=true,c8ee9ae4dc1ed7922b39af3bdb7e0db00a4cc7e9,1513,552d1135d96d725c2408331cb774acdac298030fa8dfd24d73ae74c99f8d879a,brace-f1-ssac27/data/raw/deepracing/Jeddah_7_13_2023_15_27_32_trajectory_data/car_11/metadata.yaml,CC-BY-4.0
deepracing/racing_trajectory_prediction,1e7ec1dfdb6a3cde726d377b0403b51fa51ab2c4,Jeddah,Jeddah_7_13_2023_15_27_32_trajectory_data,car_11,compact_car_data,motion_data.npz,Trajectory_Prediction/Jeddah_7_13_2023_15_27_32_trajectory_data/car_11/motion_data.npz,https://huggingface.co/datasets/deepracing/racing_trajectory_prediction/resolve/1e7ec1dfdb6a3cde726d377b0403b51fa51ab2c4/Trajectory_Prediction/Jeddah_7_13_2023_15_27_32_trajectory_data/car_11/motion_data.npz?download=true,d571290d7fe78dea46bcbf69882ad6ed75977159,1340276,4ffc75d671e9816bc757c794dc933f2626c0f871b9a0cd8dede510f60dd03181,brace-f1-ssac27/data/raw/deepracing/Jeddah_7_13_2023_15_27_32_trajectory_data/car_11/motion_data.npz,CC-BY-4.0
deepracing/racing_trajectory_prediction,1e7ec1dfdb6a3cde726d377b0403b51fa51ab2c4,Jeddah,Jeddah_7_13_2023_15_27_32_trajectory_data,car_11,compact_car_data,session_data.npz,Trajectory_Prediction/Jeddah_7_13_2023_15_27_32_trajectory_data/car_11/session_data.npz,https://huggingface.co/datasets/deepracing/racing_trajectory_prediction/resolve/1e7ec1dfdb6a3cde726d377b0403b51fa51ab2c4/Trajectory_Prediction/Jeddah_7_13_2023_15_27_32_trajectory_data/car_11/session_data.npz?download=true,efe702de2f928dd7e3fc453982719bafe79a131a,7893,4b01e39365c5fe1ea44f6ff29d273d887cb2e7e17a45c80e56d059255ddf35f6,brace-f1-ssac27/data/raw/deepracing/Jeddah_7_13_2023_15_27_32_trajectory_data/car_11/session_data.npz,CC-BY-4.0
deepracing/racing_trajectory_prediction,1e7ec1dfdb6a3cde726d377b0403b51fa51ab2c4,Jeddah,Jeddah_7_13_2023_15_27_32_trajectory_data,car_12,compact_car_data,lap_data.npz,Trajectory_Prediction/Jeddah_7_13_2023_15_27_32_trajectory_data/car_12/lap_data.npz,https://huggingface.co/datasets/deepracing/racing_trajectory_prediction/resolve/1e7ec1dfdb6a3cde726d377b0403b51fa51ab2c4/Trajectory_Prediction/Jeddah_7_13_2023_15_27_32_trajectory_data/car_12/lap_data.npz?download=true,8bd05542cc929a43de0786d97b68d3f429e93c51,293696,288221fd977f421193ba181ad6dabe6bee3802abfd4b434a4fc1cf2621247353,brace-f1-ssac27/data/raw/deepracing/Jeddah_7_13_2023_15_27_32_trajectory_data/car_12/lap_data.npz,CC-BY-4.0
deepracing/racing_trajectory_prediction,1e7ec1dfdb6a3cde726d377b0403b51fa51ab2c4,Jeddah,Jeddah_7_13_2023_15_27_32_trajectory_data,car_12,compact_car_data,metadata.yaml,Trajectory_Prediction/Jeddah_7_13_2023_15_27_32_trajectory_data/car_12/metadata.yaml,https://huggingface.co/datasets/deepracing/racing_trajectory_prediction/resolve/1e7ec1dfdb6a3cde726d377b0403b51fa51ab2c4/Trajectory_Prediction/Jeddah_7_13_2023_15_27_32_trajectory_data/car_12/metadata.yaml?download=true,84fa136b96698a367f5ace78bfa7695441a52eed,1513,4ba3f419baf514c0b2844bd14c6a1a40e991573658184c542b71fa219a182965,brace-f1-ssac27/data/raw/deepracing/Jeddah_7_13_2023_15_27_32_trajectory_data/car_12/metadata.yaml,CC-BY-4.0
deepracing/racing_trajectory_prediction,1e7ec1dfdb6a3cde726d377b0403b51fa51ab2c4,Jeddah,Jeddah_7_13_2023_15_27_32_trajectory_data,car_12,compact_car_data,motion_data.npz,Trajectory_Prediction/Jeddah_7_13_2023_15_27_32_trajectory_data/car_12/motion_data.npz,https://huggingface.co/datasets/deepracing/racing_trajectory_prediction/resolve/1e7ec1dfdb6a3cde726d377b0403b51fa51ab2c4/Trajectory_Prediction/Jeddah_7_13_2023_15_27_32_trajectory_data/car_12/motion_data.npz?download=true,6e6d5bfdb6604cfe7c8d427bc91b0d4ab9f5898a,1340458,76b95db63d96968b476b6b480420c453ce86a5850558cff27b4fc5e71d0bcd0c,brace-f1-ssac27/data/raw/deepracing/Jeddah_7_13_2023_15_27_32_trajectory_data/car_12/motion_data.npz,CC-BY-4.0
deepracing/racing_trajectory_prediction,1e7ec1dfdb6a3cde726d377b0403b51fa51ab2c4,Jeddah,Jeddah_7_13_2023_15_27_32_trajectory_data,car_12,compact_car_data,session_data.npz,Trajectory_Prediction/Jeddah_7_13_2023_15_27_32_trajectory_data/car_12/session_data.npz,https://huggingface.co/datasets/deepracing/racing_trajectory_prediction/resolve/1e7ec1dfdb6a3cde726d377b0403b51fa51ab2c4/Trajectory_Prediction/Jeddah_7_13_2023_15_27_32_trajectory_data/car_12/session_data.npz?download=true,efe702de2f928dd7e3fc453982719bafe79a131a,7893,4b01e39365c5fe1ea44f6ff29d273d887cb2e7e17a45c80e56d059255ddf35f6,brace-f1-ssac27/data/raw/deepracing/Jeddah_7_13_2023_15_27_32_trajectory_data/car_12/session_data.npz,CC-BY-4.0
deepracing/racing_trajectory_prediction,1e7ec1dfdb6a3cde726d377b0403b51fa51ab2c4,Jeddah,Jeddah_7_13_2023_15_27_32_trajectory_data,car_13,compact_car_data,lap_data.npz,Trajectory_Prediction/Jeddah_7_13_2023_15_27_32_trajectory_data/car_13/lap_data.npz,https://huggingface.co/datasets/deepracing/racing_trajectory_prediction/resolve/1e7ec1dfdb6a3cde726d377b0403b51fa51ab2c4/Trajectory_Prediction/Jeddah_7_13_2023_15_27_32_trajectory_data/car_13/lap_data.npz?download=true,7101e9cd463db59274a9cddb28aacce7ef2f684a,294202,3f24b298d94a692f6626a1953e9da7d841b76d9244e5b351d5805a6b9808daff,brace-f1-ssac27/data/raw/deepracing/Jeddah_7_13_2023_15_27_32_trajectory_data/car_13/lap_data.npz,CC-BY-4.0
deepracing/racing_trajectory_prediction,1e7ec1dfdb6a3cde726d377b0403b51fa51ab2c4,Jeddah,Jeddah_7_13_2023_15_27_32_trajectory_data,car_13,compact_car_data,metadata.yaml,Trajectory_Prediction/Jeddah_7_13_2023_15_27_32_trajectory_data/car_13/metadata.yaml,https://huggingface.co/datasets/deepracing/racing_trajectory_prediction/resolve/1e7ec1dfdb6a3cde726d377b0403b51fa51ab2c4/Trajectory_Prediction/Jeddah_7_13_2023_15_27_32_trajectory_data/car_13/metadata.yaml?download=true,ae802dc322e53483cdc29bbd0c699a41c675190a,1513,1ae032af8356bf68096fb423f66fe0d2d6c8a0baec2baf101c69d76a25b2e8fb,brace-f1-ssac27/data/raw/deepracing/Jeddah_7_13_2023_15_27_32_trajectory_data/car_13/metadata.yaml,CC-BY-4.0
deepracing/racing_trajectory_prediction,1e7ec1dfdb6a3cde726d377b0403b51fa51ab2c4,Jeddah,Jeddah_7_13_2023_15_27_32_trajectory_data,car_13,compact_car_data,motion_data.npz,Trajectory_Prediction/Jeddah_7_13_2023_15_27_32_trajectory_data/car_13/motion_data.npz,https://huggingface.co/datasets/deepracing/racing_trajectory_prediction/resolve/1e7ec1dfdb6a3cde726d377b0403b51fa51ab2c4/Trajectory_Prediction/Jeddah_7_13_2023_15_27_32_trajectory_data/car_13/motion_data.npz?download=true,4500f46e1f11261565cfc8c86e1076eb5c91f751,1340347,1795af068503f0a804b6e54f4c00bc2ffda96a60e637b2fb344c9bcc41c550d5,brace-f1-ssac27/data/raw/deepracing/Jeddah_7_13_2023_15_27_32_trajectory_data/car_13/motion_data.npz,CC-BY-4.0
deepracing/racing_trajectory_prediction,1e7ec1dfdb6a3cde726d377b0403b51fa51ab2c4,Jeddah,Jeddah_7_13_2023_15_27_32_trajectory_data,car_13,compact_car_data,session_data.npz,Trajectory_Prediction/Jeddah_7_13_2023_15_27_32_trajectory_data/car_13/session_data.npz,https://huggingface.co/datasets/deepracing/racing_trajectory_prediction/resolve/1e7ec1dfdb6a3cde726d377b0403b51fa51ab2c4/Trajectory_Prediction/Jeddah_7_13_2023_15_27_32_trajectory_data/car_13/session_data.npz?download=true,efe702de2f928dd7e3fc453982719bafe79a131a,7893,4b01e39365c5fe1ea44f6ff29d273d887cb2e7e17a45c80e56d059255ddf35f6,brace-f1-ssac27/data/raw/deepracing/Jeddah_7_13_2023_15_27_32_trajectory_data/car_13/session_data.npz,CC-BY-4.0
deepracing/racing_trajectory_prediction,1e7ec1dfdb6a3cde726d377b0403b51fa51ab2c4,Jeddah,Jeddah_7_13_2023_15_27_32_trajectory_data,car_14,compact_car_data,lap_data.npz,Trajectory_Prediction/Jeddah_7_13_2023_15_27_32_trajectory_data/car_14/lap_data.npz,https://huggingface.co/datasets/deepracing/racing_trajectory_prediction/resolve/1e7ec1dfdb6a3cde726d377b0403b51fa51ab2c4/Trajectory_Prediction/Jeddah_7_13_2023_15_27_32_trajectory_data/car_14/lap_data.npz?download=true,70371457a9e329032ae645f0d3af5dbe6650497c,294390,47cb8c3a3469f9e5828f792c242d6964c91e72f46a3cf9402205cec7aa2cdf72,brace-f1-ssac27/data/raw/deepracing/Jeddah_7_13_2023_15_27_32_trajectory_data/car_14/lap_data.npz,CC-BY-4.0
deepracing/racing_trajectory_prediction,1e7ec1dfdb6a3cde726d377b0403b51fa51ab2c4,Jeddah,Jeddah_7_13_2023_15_27_32_trajectory_data,car_14,compact_car_data,metadata.yaml,Trajectory_Prediction/Jeddah_7_13_2023_15_27_32_trajectory_data/car_14/metadata.yaml,https://huggingface.co/datasets/deepracing/racing_trajectory_prediction/resolve/1e7ec1dfdb6a3cde726d377b0403b51fa51ab2c4/Trajectory_Prediction/Jeddah_7_13_2023_15_27_32_trajectory_data/car_14/metadata.yaml?download=true,7741cb5144e6bac0eda5da29f0e705564bc6822c,1513,d25135dddb55a447022f5eab20256e31e53516087d60ad807b1ab9453a1b2d01,brace-f1-ssac27/data/raw/deepracing/Jeddah_7_13_2023_15_27_32_trajectory_data/car_14/metadata.yaml,CC-BY-4.0
deepracing/racing_trajectory_prediction,1e7ec1dfdb6a3cde726d377b0403b51fa51ab2c4,Jeddah,Jeddah_7_13_2023_15_27_32_trajectory_data,car_14,compact_car_data,motion_data.npz,Trajectory_Prediction/Jeddah_7_13_2023_15_27_32_trajectory_data/car_14/motion_data.npz,https://huggingface.co/datasets/deepracing/racing_trajectory_prediction/resolve/1e7ec1dfdb6a3cde726d377b0403b51fa51ab2c4/Trajectory_Prediction/Jeddah_7_13_2023_15_27_32_trajectory_data/car_14/motion_data.npz?download=true,a49255aa799c0d7ee9a4a1ce43187f9279417944,1340289,2597cdfd909cdbf735414fd11bed490150e70af295991317c6847d3c90227263,brace-f1-ssac27/data/raw/deepracing/Jeddah_7_13_2023_15_27_32_trajectory_data/car_14/motion_data.npz,CC-BY-4.0
deepracing/racing_trajectory_prediction,1e7ec1dfdb6a3cde726d377b0403b51fa51ab2c4,Jeddah,Jeddah_7_13_2023_15_27_32_trajectory_data,car_14,compact_car_data,session_data.npz,Trajectory_Prediction/Jeddah_7_13_2023_15_27_32_trajectory_data/car_14/session_data.npz,https://huggingface.co/datasets/deepracing/racing_trajectory_prediction/resolve/1e7ec1dfdb6a3cde726d377b0403b51fa51ab2c4/Trajectory_Prediction/Jeddah_7_13_2023_15_27_32_trajectory_data/car_14/session_data.npz?download=true,efe702de2f928dd7e3fc453982719bafe79a131a,7893,4b01e39365c5fe1ea44f6ff29d273d887cb2e7e17a45c80e56d059255ddf35f6,brace-f1-ssac27/data/raw/deepracing/Jeddah_7_13_2023_15_27_32_trajectory_data/car_14/session_data.npz,CC-BY-4.0
deepracing/racing_trajectory_prediction,1e7ec1dfdb6a3cde726d377b0403b51fa51ab2c4,Jeddah,Jeddah_7_13_2023_15_27_32_trajectory_data,car_15,compact_car_data,lap_data.npz,Trajectory_Prediction/Jeddah_7_13_2023_15_27_32_trajectory_data/car_15/lap_data.npz,https://huggingface.co/datasets/deepracing/racing_trajectory_prediction/resolve/1e7ec1dfdb6a3cde726d377b0403b51fa51ab2c4/Trajectory_Prediction/Jeddah_7_13_2023_15_27_32_trajectory_data/car_15/lap_data.npz?download=true,9101d6c528bb1fe6b086bc3049823afc92570db9,294055,d8301adc71bcc1d8f41d8155093bb1ec463881623de5247a383394c9f67f5b2f,brace-f1-ssac27/data/raw/deepracing/Jeddah_7_13_2023_15_27_32_trajectory_data/car_15/lap_data.npz,CC-BY-4.0
deepracing/racing_trajectory_prediction,1e7ec1dfdb6a3cde726d377b0403b51fa51ab2c4,Jeddah,Jeddah_7_13_2023_15_27_32_trajectory_data,car_15,compact_car_data,metadata.yaml,Trajectory_Prediction/Jeddah_7_13_2023_15_27_32_trajectory_data/car_15/metadata.yaml,https://huggingface.co/datasets/deepracing/racing_trajectory_prediction/resolve/1e7ec1dfdb6a3cde726d377b0403b51fa51ab2c4/Trajectory_Prediction/Jeddah_7_13_2023_15_27_32_trajectory_data/car_15/metadata.yaml?download=true,49d897ffbf11fcd6c4a0623f608a747e7b7f84ec,1513,1a48c81a4b42cbc6893898bb9c57c0e8ba839d0066f9dc91cf416156c44a2e40,brace-f1-ssac27/data/raw/deepracing/Jeddah_7_13_2023_15_27_32_trajectory_data/car_15/metadata.yaml,CC-BY-4.0
deepracing/racing_trajectory_prediction,1e7ec1dfdb6a3cde726d377b0403b51fa51ab2c4,Jeddah,Jeddah_7_13_2023_15_27_32_trajectory_data,car_15,compact_car_data,motion_data.npz,Trajectory_Prediction/Jeddah_7_13_2023_15_27_32_trajectory_data/car_15/motion_data.npz,https://huggingface.co/datasets/deepracing/racing_trajectory_prediction/resolve/1e7ec1dfdb6a3cde726d377b0403b51fa51ab2c4/Trajectory_Prediction/Jeddah_7_13_2023_15_27_32_trajectory_data/car_15/motion_data.npz?download=true,f3059110a014e0391913307124d8d4d22f9f81e9,1340910,67ec47c269e2962ac6a5f3b3ae4d248a8587a63688649a3b370dc0cd952c933d,brace-f1-ssac27/data/raw/deepracing/Jeddah_7_13_2023_15_27_32_trajectory_data/car_15/motion_data.npz,CC-BY-4.0
deepracing/racing_trajectory_prediction,1e7ec1dfdb6a3cde726d377b0403b51fa51ab2c4,Jeddah,Jeddah_7_13_2023_15_27_32_trajectory_data,car_15,compact_car_data,session_data.npz,Trajectory_Prediction/Jeddah_7_13_2023_15_27_32_trajectory_data/car_15/session_data.npz,https://huggingface.co/datasets/deepracing/racing_trajectory_prediction/resolve/1e7ec1dfdb6a3cde726d377b0403b51fa51ab2c4/Trajectory_Prediction/Jeddah_7_13_2023_15_27_32_trajectory_data/car_15/session_data.npz?download=true,efe702de2f928dd7e3fc453982719bafe79a131a,7893,4b01e39365c5fe1ea44f6ff29d273d887cb2e7e17a45c80e56d059255ddf35f6,brace-f1-ssac27/data/raw/deepracing/Jeddah_7_13_2023_15_27_32_trajectory_data/car_15/session_data.npz,CC-BY-4.0
deepracing/racing_trajectory_prediction,1e7ec1dfdb6a3cde726d377b0403b51fa51ab2c4,Jeddah,Jeddah_7_13_2023_15_27_32_trajectory_data,car_16,compact_car_data,lap_data.npz,Trajectory_Prediction/Jeddah_7_13_2023_15_27_32_trajectory_data/car_16/lap_data.npz,https://huggingface.co/datasets/deepracing/racing_trajectory_prediction/resolve/1e7ec1dfdb6a3cde726d377b0403b51fa51ab2c4/Trajectory_Prediction/Jeddah_7_13_2023_15_27_32_trajectory_data/car_16/lap_data.npz?download=true,bbcbc4f2ab1ad5259e8bd75e0a5f45fab6443497,293368,1223df6b406bbbd975d5669122b00999942c2e06f423842b6bb908d26573de19,brace-f1-ssac27/data/raw/deepracing/Jeddah_7_13_2023_15_27_32_trajectory_data/car_16/lap_data.npz,CC-BY-4.0
deepracing/racing_trajectory_prediction,1e7ec1dfdb6a3cde726d377b0403b51fa51ab2c4,Jeddah,Jeddah_7_13_2023_15_27_32_trajectory_data,car_16,compact_car_data,metadata.yaml,Trajectory_Prediction/Jeddah_7_13_2023_15_27_32_trajectory_data/car_16/metadata.yaml,https://huggingface.co/datasets/deepracing/racing_trajectory_prediction/resolve/1e7ec1dfdb6a3cde726d377b0403b51fa51ab2c4/Trajectory_Prediction/Jeddah_7_13_2023_15_27_32_trajectory_data/car_16/metadata.yaml?download=true,99b2d61f6c6979139336260323443c892d847937,1513,8f0063ac5415405e8c208f873508b3d01774936d887bfa9b76fd938e6cac7026,brace-f1-ssac27/data/raw/deepracing/Jeddah_7_13_2023_15_27_32_trajectory_data/car_16/metadata.yaml,CC-BY-4.0
deepracing/racing_trajectory_prediction,1e7ec1dfdb6a3cde726d377b0403b51fa51ab2c4,Jeddah,Jeddah_7_13_2023_15_27_32_trajectory_data,car_16,compact_car_data,motion_data.npz,Trajectory_Prediction/Jeddah_7_13_2023_15_27_32_trajectory_data/car_16/motion_data.npz,https://huggingface.co/datasets/deepracing/racing_trajectory_prediction/resolve/1e7ec1dfdb6a3cde726d377b0403b51fa51ab2c4/Trajectory_Prediction/Jeddah_7_13_2023_15_27_32_trajectory_data/car_16/motion_data.npz?download=true,1e154a922645e812619e294965eac21828f68673,1340891,0673f4b680ba8130090856cc1ce797375fca1711ce6079aa26dbc16e822f62af,brace-f1-ssac27/data/raw/deepracing/Jeddah_7_13_2023_15_27_32_trajectory_data/car_16/motion_data.npz,CC-BY-4.0
deepracing/racing_trajectory_prediction,1e7ec1dfdb6a3cde726d377b0403b51fa51ab2c4,Jeddah,Jeddah_7_13_2023_15_27_32_trajectory_data,car_16,compact_car_data,session_data.npz,Trajectory_Prediction/Jeddah_7_13_2023_15_27_32_trajectory_data/car_16/session_data.npz,https://huggingface.co/datasets/deepracing/racing_trajectory_prediction/resolve/1e7ec1dfdb6a3cde726d377b0403b51fa51ab2c4/Trajectory_Prediction/Jeddah_7_13_2023_15_27_32_trajectory_data/car_16/session_data.npz?download=true,efe702de2f928dd7e3fc453982719bafe79a131a,7893,4b01e39365c5fe1ea44f6ff29d273d887cb2e7e17a45c80e56d059255ddf35f6,brace-f1-ssac27/data/raw/deepracing/Jeddah_7_13_2023_15_27_32_trajectory_data/car_16/session_data.npz,CC-BY-4.0
deepracing/racing_trajectory_prediction,1e7ec1dfdb6a3cde726d377b0403b51fa51ab2c4,Jeddah,Jeddah_7_13_2023_15_27_32_trajectory_data,car_17,compact_car_data,lap_data.npz,Trajectory_Prediction/Jeddah_7_13_2023_15_27_32_trajectory_data/car_17/lap_data.npz,https://huggingface.co/datasets/deepracing/racing_trajectory_prediction/resolve/1e7ec1dfdb6a3cde726d377b0403b51fa51ab2c4/Trajectory_Prediction/Jeddah_7_13_2023_15_27_32_trajectory_data/car_17/lap_data.npz?download=true,dd2ef1dc42f7a2bb7c700f3faf642defd5f4628f,292909,7f0853b8319d1c35b5759bd9802f676928c096c677501119fbe980816fb2ea4c,brace-f1-ssac27/data/raw/deepracing/Jeddah_7_13_2023_15_27_32_trajectory_data/car_17/lap_data.npz,CC-BY-4.0
deepracing/racing_trajectory_prediction,1e7ec1dfdb6a3cde726d377b0403b51fa51ab2c4,Jeddah,Jeddah_7_13_2023_15_27_32_trajectory_data,car_17,compact_car_data,metadata.yaml,Trajectory_Prediction/Jeddah_7_13_2023_15_27_32_trajectory_data/car_17/metadata.yaml,https://huggingface.co/datasets/deepracing/racing_trajectory_prediction/resolve/1e7ec1dfdb6a3cde726d377b0403b51fa51ab2c4/Trajectory_Prediction/Jeddah_7_13_2023_15_27_32_trajectory_data/car_17/metadata.yaml?download=true,1624b666c7473e239874f4a8b76ea2d53c604951,1513,169d456f57343ffaef166cefabe6fd1cba892776013c520e6652aae68657c639,brace-f1-ssac27/data/raw/deepracing/Jeddah_7_13_2023_15_27_32_trajectory_data/car_17/metadata.yaml,CC-BY-4.0
deepracing/racing_trajectory_prediction,1e7ec1dfdb6a3cde726d377b0403b51fa51ab2c4,Jeddah,Jeddah_7_13_2023_15_27_32_trajectory_data,car_17,compact_car_data,motion_data.npz,Trajectory_Prediction/Jeddah_7_13_2023_15_27_32_trajectory_data/car_17/motion_data.npz,https://huggingface.co/datasets/deepracing/racing_trajectory_prediction/resolve/1e7ec1dfdb6a3cde726d377b0403b51fa51ab2c4/Trajectory_Prediction/Jeddah_7_13_2023_15_27_32_trajectory_data/car_17/motion_data.npz?download=true,03994f96b506b551266a130f802f808212aaf08b,1337038,e046a8b36050dd574e4d8cea72bc3baec465decb6b7723943987af97f3f9f164,brace-f1-ssac27/data/raw/deepracing/Jeddah_7_13_2023_15_27_32_trajectory_data/car_17/motion_data.npz,CC-BY-4.0
deepracing/racing_trajectory_prediction,1e7ec1dfdb6a3cde726d377b0403b51fa51ab2c4,Jeddah,Jeddah_7_13_2023_15_27_32_trajectory_data,car_17,compact_car_data,session_data.npz,Trajectory_Prediction/Jeddah_7_13_2023_15_27_32_trajectory_data/car_17/session_data.npz,https://huggingface.co/datasets/deepracing/racing_trajectory_prediction/resolve/1e7ec1dfdb6a3cde726d377b0403b51fa51ab2c4/Trajectory_Prediction/Jeddah_7_13_2023_15_27_32_trajectory_data/car_17/session_data.npz?download=true,efe702de2f928dd7e3fc453982719bafe79a131a,7893,4b01e39365c5fe1ea44f6ff29d273d887cb2e7e17a45c80e56d059255ddf35f6,brace-f1-ssac27/data/raw/deepracing/Jeddah_7_13_2023_15_27_32_trajectory_data/car_17/session_data.npz,CC-BY-4.0
deepracing/racing_trajectory_prediction,1e7ec1dfdb6a3cde726d377b0403b51fa51ab2c4,Jeddah,Jeddah_7_13_2023_15_27_32_trajectory_data,car_18,compact_car_data,lap_data.npz,Trajectory_Prediction/Jeddah_7_13_2023_15_27_32_trajectory_data/car_18/lap_data.npz,https://huggingface.co/datasets/deepracing/racing_trajectory_prediction/resolve/1e7ec1dfdb6a3cde726d377b0403b51fa51ab2c4/Trajectory_Prediction/Jeddah_7_13_2023_15_27_32_trajectory_data/car_18/lap_data.npz?download=true,a720af7e729403106219a461d44282dd6935376a,295584,5e3b3eaefd7d1ddb4ed10b89fbf528cabc1e31e93e766727f07fa9a492228e8a,brace-f1-ssac27/data/raw/deepracing/Jeddah_7_13_2023_15_27_32_trajectory_data/car_18/lap_data.npz,CC-BY-4.0
deepracing/racing_trajectory_prediction,1e7ec1dfdb6a3cde726d377b0403b51fa51ab2c4,Jeddah,Jeddah_7_13_2023_15_27_32_trajectory_data,car_18,compact_car_data,metadata.yaml,Trajectory_Prediction/Jeddah_7_13_2023_15_27_32_trajectory_data/car_18/metadata.yaml,https://huggingface.co/datasets/deepracing/racing_trajectory_prediction/resolve/1e7ec1dfdb6a3cde726d377b0403b51fa51ab2c4/Trajectory_Prediction/Jeddah_7_13_2023_15_27_32_trajectory_data/car_18/metadata.yaml?download=true,ab1dc8e64048b0bd021abedd18cf09f3d0da1252,1513,67f8435dfc0a6425a5c13f8ab8ff0cf25f3048822f25fe11a42029b7dd3ec95a,brace-f1-ssac27/data/raw/deepracing/Jeddah_7_13_2023_15_27_32_trajectory_data/car_18/metadata.yaml,CC-BY-4.0
deepracing/racing_trajectory_prediction,1e7ec1dfdb6a3cde726d377b0403b51fa51ab2c4,Jeddah,Jeddah_7_13_2023_15_27_32_trajectory_data,car_18,compact_car_data,motion_data.npz,Trajectory_Prediction/Jeddah_7_13_2023_15_27_32_trajectory_data/car_18/motion_data.npz,https://huggingface.co/datasets/deepracing/racing_trajectory_prediction/resolve/1e7ec1dfdb6a3cde726d377b0403b51fa51ab2c4/Trajectory_Prediction/Jeddah_7_13_2023_15_27_32_trajectory_data/car_18/motion_data.npz?download=true,aa757640807aff23e95de5fca8aee1924d60ff03,1343357,f36976a71184fe196bdb5903cce9421136961e775ea1c17ec8ac62a3604dab8b,brace-f1-ssac27/data/raw/deepracing/Jeddah_7_13_2023_15_27_32_trajectory_data/car_18/motion_data.npz,CC-BY-4.0
deepracing/racing_trajectory_prediction,1e7ec1dfdb6a3cde726d377b0403b51fa51ab2c4,Jeddah,Jeddah_7_13_2023_15_27_32_trajectory_data,car_18,compact_car_data,session_data.npz,Trajectory_Prediction/Jeddah_7_13_2023_15_27_32_trajectory_data/car_18/session_data.npz,https://huggingface.co/datasets/deepracing/racing_trajectory_prediction/resolve/1e7ec1dfdb6a3cde726d377b0403b51fa51ab2c4/Trajectory_Prediction/Jeddah_7_13_2023_15_27_32_trajectory_data/car_18/session_data.npz?download=true,efe702de2f928dd7e3fc453982719bafe79a131a,7893,4b01e39365c5fe1ea44f6ff29d273d887cb2e7e17a45c80e56d059255ddf35f6,brace-f1-ssac27/data/raw/deepracing/Jeddah_7_13_2023_15_27_32_trajectory_data/car_18/session_data.npz,CC-BY-4.0
deepracing/racing_trajectory_prediction,1e7ec1dfdb6a3cde726d377b0403b51fa51ab2c4,Jeddah,Jeddah_7_13_2023_15_27_32_trajectory_data,car_19,compact_car_data,lap_data.npz,Trajectory_Prediction/Jeddah_7_13_2023_15_27_32_trajectory_data/car_19/lap_data.npz,https://huggingface.co/datasets/deepracing/racing_trajectory_prediction/resolve/1e7ec1dfdb6a3cde726d377b0403b51fa51ab2c4/Trajectory_Prediction/Jeddah_7_13_2023_15_27_32_trajectory_data/car_19/lap_data.npz?download=true,3df04c0a9266d6da9653914dd8d43d8ab1d0f4f9,295656,e891476389a9fc8b05167ffa1941760f0c1c9f225bfec7a10ab4f22b006c5f8e,brace-f1-ssac27/data/raw/deepracing/Jeddah_7_13_2023_15_27_32_trajectory_data/car_19/lap_data.npz,CC-BY-4.0
deepracing/racing_trajectory_prediction,1e7ec1dfdb6a3cde726d377b0403b51fa51ab2c4,Jeddah,Jeddah_7_13_2023_15_27_32_trajectory_data,car_19,compact_car_data,metadata.yaml,Trajectory_Prediction/Jeddah_7_13_2023_15_27_32_trajectory_data/car_19/metadata.yaml,https://huggingface.co/datasets/deepracing/racing_trajectory_prediction/resolve/1e7ec1dfdb6a3cde726d377b0403b51fa51ab2c4/Trajectory_Prediction/Jeddah_7_13_2023_15_27_32_trajectory_data/car_19/metadata.yaml?download=true,a3912dd8d37eb1506d42f49ae6c7d0e33dd9bdcd,1513,1efd40db7863b48f7cb3ebefd824fcd1a2dd8e5a3f79d56defaac403a1b716b5,brace-f1-ssac27/data/raw/deepracing/Jeddah_7_13_2023_15_27_32_trajectory_data/car_19/metadata.yaml,CC-BY-4.0
deepracing/racing_trajectory_prediction,1e7ec1dfdb6a3cde726d377b0403b51fa51ab2c4,Jeddah,Jeddah_7_13_2023_15_27_32_trajectory_data,car_19,compact_car_data,motion_data.npz,Trajectory_Prediction/Jeddah_7_13_2023_15_27_32_trajectory_data/car_19/motion_data.npz,https://huggingface.co/datasets/deepracing/racing_trajectory_prediction/resolve/1e7ec1dfdb6a3cde726d377b0403b51fa51ab2c4/Trajectory_Prediction/Jeddah_7_13_2023_15_27_32_trajectory_data/car_19/motion_data.npz?download=true,079f0d0cee4c56e3cea8e8404141a00921d392bd,1339189,b1aeb3d5e87a626b07896e7d5b41513650739019d5234592d34a473addb5a7c5,brace-f1-ssac27/data/raw/deepracing/Jeddah_7_13_2023_15_27_32_trajectory_data/car_19/motion_data.npz,CC-BY-4.0
deepracing/racing_trajectory_prediction,1e7ec1dfdb6a3cde726d377b0403b51fa51ab2c4,Jeddah,Jeddah_7_13_2023_15_27_32_trajectory_data,car_19,compact_car_data,session_data.npz,Trajectory_Prediction/Jeddah_7_13_2023_15_27_32_trajectory_data/car_19/session_data.npz,https://huggingface.co/datasets/deepracing/racing_trajectory_prediction/resolve/1e7ec1dfdb6a3cde726d377b0403b51fa51ab2c4/Trajectory_Prediction/Jeddah_7_13_2023_15_27_32_trajectory_data/car_19/session_data.npz?download=true,efe702de2f928dd7e3fc453982719bafe79a131a,7893,4b01e39365c5fe1ea44f6ff29d273d887cb2e7e17a45c80e56d059255ddf35f6,brace-f1-ssac27/data/raw/deepracing/Jeddah_7_13_2023_15_27_32_trajectory_data/car_19/session_data.npz,CC-BY-4.0
deepracing/racing_trajectory_prediction,1e7ec1dfdb6a3cde726d377b0403b51fa51ab2c4,Jeddah,Jeddah_7_13_2023_15_27_32_trajectory_data,car_2,boundary,center_line.pcd,Trajectory_Prediction/Jeddah_7_13_2023_15_27_32_trajectory_data/car_2/center_line.pcd,https://huggingface.co/datasets/deepracing/racing_trajectory_prediction/resolve/1e7ec1dfdb6a3cde726d377b0403b51fa51ab2c4/Trajectory_Prediction/Jeddah_7_13_2023_15_27_32_trajectory_data/car_2/center_line.pcd?download=true,6591ed3815de0ec88983dfda65960013b8899e00,110696,aa18e148f426495fa8ed3fa7c58072cc98bb6a10dcedf792368fe0da9db19a62,brace-f1-ssac27/data/raw/deepracing/Jeddah_7_13_2023_15_27_32_trajectory_data/car_2/center_line.pcd,CC-BY-4.0
deepracing/racing_trajectory_prediction,1e7ec1dfdb6a3cde726d377b0403b51fa51ab2c4,Jeddah,Jeddah_7_13_2023_15_27_32_trajectory_data,car_2,boundary,inner_boundary.pcd,Trajectory_Prediction/Jeddah_7_13_2023_15_27_32_trajectory_data/car_2/inner_boundary.pcd,https://huggingface.co/datasets/deepracing/racing_trajectory_prediction/resolve/1e7ec1dfdb6a3cde726d377b0403b51fa51ab2c4/Trajectory_Prediction/Jeddah_7_13_2023_15_27_32_trajectory_data/car_2/inner_boundary.pcd?download=true,aec553f125cfaaee9e3b4897242fa023faed4208,111470,338eda01728535f76e0acc80c2ae2ca9868795c9953b03b9222516c9393fd408,brace-f1-ssac27/data/raw/deepracing/Jeddah_7_13_2023_15_27_32_trajectory_data/car_2/inner_boundary.pcd,CC-BY-4.0
deepracing/racing_trajectory_prediction,1e7ec1dfdb6a3cde726d377b0403b51fa51ab2c4,Jeddah,Jeddah_7_13_2023_15_27_32_trajectory_data,car_2,compact_car_data,lap_data.npz,Trajectory_Prediction/Jeddah_7_13_2023_15_27_32_trajectory_data/car_2/lap_data.npz,https://huggingface.co/datasets/deepracing/racing_trajectory_prediction/resolve/1e7ec1dfdb6a3cde726d377b0403b51fa51ab2c4/Trajectory_Prediction/Jeddah_7_13_2023_15_27_32_trajectory_data/car_2/lap_data.npz?download=true,f5e1633293cb729dfc51570e8a8fec8f55c67e36,295001,858b6fc40a222c69fdb01676402e4fb58ac9af7ba28296a5dbf97308c8888fe0,brace-f1-ssac27/data/raw/deepracing/Jeddah_7_13_2023_15_27_32_trajectory_data/car_2/lap_data.npz,CC-BY-4.0
deepracing/racing_trajectory_prediction,1e7ec1dfdb6a3cde726d377b0403b51fa51ab2c4,Jeddah,Jeddah_7_13_2023_15_27_32_trajectory_data,car_2,compact_car_data,metadata.yaml,Trajectory_Prediction/Jeddah_7_13_2023_15_27_32_trajectory_data/car_2/metadata.yaml,https://huggingface.co/datasets/deepracing/racing_trajectory_prediction/resolve/1e7ec1dfdb6a3cde726d377b0403b51fa51ab2c4/Trajectory_Prediction/Jeddah_7_13_2023_15_27_32_trajectory_data/car_2/metadata.yaml?download=true,9ab9832adb66ba1a18f94e9c7469f317a80d7e55,1513,60383c9bc6b6b216a30a57f58dfbbe6a1d4a4d13e009b6c97f812f84747a8af5,brace-f1-ssac27/data/raw/deepracing/Jeddah_7_13_2023_15_27_32_trajectory_data/car_2/metadata.yaml,CC-BY-4.0
deepracing/racing_trajectory_prediction,1e7ec1dfdb6a3cde726d377b0403b51fa51ab2c4,Jeddah,Jeddah_7_13_2023_15_27_32_trajectory_data,car_2,compact_car_data,motion_data.npz,Trajectory_Prediction/Jeddah_7_13_2023_15_27_32_trajectory_data/car_2/motion_data.npz,https://huggingface.co/datasets/deepracing/racing_trajectory_prediction/resolve/1e7ec1dfdb6a3cde726d377b0403b51fa51ab2c4/Trajectory_Prediction/Jeddah_7_13_2023_15_27_32_trajectory_data/car_2/motion_data.npz?download=true,3a03923c2a88d7971c28a0326ee5f57993c3d490,1339766,b9ed7aac0c6bd534b727c2315b0c9156d333ab105a18545f7af66d864b1a2209,brace-f1-ssac27/data/raw/deepracing/Jeddah_7_13_2023_15_27_32_trajectory_data/car_2/motion_data.npz,CC-BY-4.0
deepracing/racing_trajectory_prediction,1e7ec1dfdb6a3cde726d377b0403b51fa51ab2c4,Jeddah,Jeddah_7_13_2023_15_27_32_trajectory_data,car_2,boundary,outer_boundary.pcd,Trajectory_Prediction/Jeddah_7_13_2023_15_27_32_trajectory_data/car_2/outer_boundary.pcd,https://huggingface.co/datasets/deepracing/racing_trajectory_prediction/resolve/1e7ec1dfdb6a3cde726d377b0403b51fa51ab2c4/Trajectory_Prediction/Jeddah_7_13_2023_15_27_32_trajectory_data/car_2/outer_boundary.pcd?download=true,e522e44caed4eb09f2d9d0e2b86dc5fd298d8dbe,109847,652fe5652391e5ff6b96b0577de333c0ab8d9ff9b73d6cf9bc79275fb2a047ad,brace-f1-ssac27/data/raw/deepracing/Jeddah_7_13_2023_15_27_32_trajectory_data/car_2/outer_boundary.pcd,CC-BY-4.0
deepracing/racing_trajectory_prediction,1e7ec1dfdb6a3cde726d377b0403b51fa51ab2c4,Jeddah,Jeddah_7_13_2023_15_27_32_trajectory_data,car_2,compact_car_data,session_data.npz,Trajectory_Prediction/Jeddah_7_13_2023_15_27_32_trajectory_data/car_2/session_data.npz,https://huggingface.co/datasets/deepracing/racing_trajectory_prediction/resolve/1e7ec1dfdb6a3cde726d377b0403b51fa51ab2c4/Trajectory_Prediction/Jeddah_7_13_2023_15_27_32_trajectory_data/car_2/session_data.npz?download=true,efe702de2f928dd7e3fc453982719bafe79a131a,7893,4b01e39365c5fe1ea44f6ff29d273d887cb2e7e17a45c80e56d059255ddf35f6,brace-f1-ssac27/data/raw/deepracing/Jeddah_7_13_2023_15_27_32_trajectory_data/car_2/session_data.npz,CC-BY-4.0
deepracing/racing_trajectory_prediction,1e7ec1dfdb6a3cde726d377b0403b51fa51ab2c4,Jeddah,Jeddah_7_13_2023_15_27_32_trajectory_data,car_3,compact_car_data,lap_data.npz,Trajectory_Prediction/Jeddah_7_13_2023_15_27_32_trajectory_data/car_3/lap_data.npz,https://huggingface.co/datasets/deepracing/racing_trajectory_prediction/resolve/1e7ec1dfdb6a3cde726d377b0403b51fa51ab2c4/Trajectory_Prediction/Jeddah_7_13_2023_15_27_32_trajectory_data/car_3/lap_data.npz?download=true,171c02e609197c7c98f61b713efb026d17d517fe,294258,570d456efae650d9d8362c4ed1a6b74331c35418a4ba368420e72cef972a2327,brace-f1-ssac27/data/raw/deepracing/Jeddah_7_13_2023_15_27_32_trajectory_data/car_3/lap_data.npz,CC-BY-4.0
deepracing/racing_trajectory_prediction,1e7ec1dfdb6a3cde726d377b0403b51fa51ab2c4,Jeddah,Jeddah_7_13_2023_15_27_32_trajectory_data,car_3,compact_car_data,metadata.yaml,Trajectory_Prediction/Jeddah_7_13_2023_15_27_32_trajectory_data/car_3/metadata.yaml,https://huggingface.co/datasets/deepracing/racing_trajectory_prediction/resolve/1e7ec1dfdb6a3cde726d377b0403b51fa51ab2c4/Trajectory_Prediction/Jeddah_7_13_2023_15_27_32_trajectory_data/car_3/metadata.yaml?download=true,4b21d4ea303ae6c2962bf0b7928ddbff7ab7a72b,1513,2b42b59b0f76f460b308e988ca5885dedd14db0907b1ab32816b76b1b86171e2,brace-f1-ssac27/data/raw/deepracing/Jeddah_7_13_2023_15_27_32_trajectory_data/car_3/metadata.yaml,CC-BY-4.0
deepracing/racing_trajectory_prediction,1e7ec1dfdb6a3cde726d377b0403b51fa51ab2c4,Jeddah,Jeddah_7_13_2023_15_27_32_trajectory_data,car_3,compact_car_data,motion_data.npz,Trajectory_Prediction/Jeddah_7_13_2023_15_27_32_trajectory_data/car_3/motion_data.npz,https://huggingface.co/datasets/deepracing/racing_trajectory_prediction/resolve/1e7ec1dfdb6a3cde726d377b0403b51fa51ab2c4/Trajectory_Prediction/Jeddah_7_13_2023_15_27_32_trajectory_data/car_3/motion_data.npz?download=true,17831d7f5af9126c8d31f79beeb1778a693eeaea,1341735,d5941155174b9e46da79aabd1c86a0e15368e6ec90e5534b90bf0a14290692dd,brace-f1-ssac27/data/raw/deepracing/Jeddah_7_13_2023_15_27_32_trajectory_data/car_3/motion_data.npz,CC-BY-4.0
deepracing/racing_trajectory_prediction,1e7ec1dfdb6a3cde726d377b0403b51fa51ab2c4,Jeddah,Jeddah_7_13_2023_15_27_32_trajectory_data,car_3,compact_car_data,session_data.npz,Trajectory_Prediction/Jeddah_7_13_2023_15_27_32_trajectory_data/car_3/session_data.npz,https://huggingface.co/datasets/deepracing/racing_trajectory_prediction/resolve/1e7ec1dfdb6a3cde726d377b0403b51fa51ab2c4/Trajectory_Prediction/Jeddah_7_13_2023_15_27_32_trajectory_data/car_3/session_data.npz?download=true,efe702de2f928dd7e3fc453982719bafe79a131a,7893,4b01e39365c5fe1ea44f6ff29d273d887cb2e7e17a45c80e56d059255ddf35f6,brace-f1-ssac27/data/raw/deepracing/Jeddah_7_13_2023_15_27_32_trajectory_data/car_3/session_data.npz,CC-BY-4.0
deepracing/racing_trajectory_prediction,1e7ec1dfdb6a3cde726d377b0403b51fa51ab2c4,Jeddah,Jeddah_7_13_2023_15_27_32_trajectory_data,car_4,compact_car_data,lap_data.npz,Trajectory_Prediction/Jeddah_7_13_2023_15_27_32_trajectory_data/car_4/lap_data.npz,https://huggingface.co/datasets/deepracing/racing_trajectory_prediction/resolve/1e7ec1dfdb6a3cde726d377b0403b51fa51ab2c4/Trajectory_Prediction/Jeddah_7_13_2023_15_27_32_trajectory_data/car_4/lap_data.npz?download=true,977d157e067f7d7d1d3237953ef43bfb6461528e,295690,48f8348e2c2fa07af0f1d8e7e983828358abe28b885091e116f01917fd294b1a,brace-f1-ssac27/data/raw/deepracing/Jeddah_7_13_2023_15_27_32_trajectory_data/car_4/lap_data.npz,CC-BY-4.0
deepracing/racing_trajectory_prediction,1e7ec1dfdb6a3cde726d377b0403b51fa51ab2c4,Jeddah,Jeddah_7_13_2023_15_27_32_trajectory_data,car_4,compact_car_data,metadata.yaml,Trajectory_Prediction/Jeddah_7_13_2023_15_27_32_trajectory_data/car_4/metadata.yaml,https://huggingface.co/datasets/deepracing/racing_trajectory_prediction/resolve/1e7ec1dfdb6a3cde726d377b0403b51fa51ab2c4/Trajectory_Prediction/Jeddah_7_13_2023_15_27_32_trajectory_data/car_4/metadata.yaml?download=true,03d4e0dfc19a9465898fe5fceb020295f2539041,1513,2d3cb0e48bbe466a48051eedb341f7f1fa45332d830ac33fbeed53271c5c42b9,brace-f1-ssac27/data/raw/deepracing/Jeddah_7_13_2023_15_27_32_trajectory_data/car_4/metadata.yaml,CC-BY-4.0
deepracing/racing_trajectory_prediction,1e7ec1dfdb6a3cde726d377b0403b51fa51ab2c4,Jeddah,Jeddah_7_13_2023_15_27_32_trajectory_data,car_4,compact_car_data,motion_data.npz,Trajectory_Prediction/Jeddah_7_13_2023_15_27_32_trajectory_data/car_4/motion_data.npz,https://huggingface.co/datasets/deepracing/racing_trajectory_prediction/resolve/1e7ec1dfdb6a3cde726d377b0403b51fa51ab2c4/Trajectory_Prediction/Jeddah_7_13_2023_15_27_32_trajectory_data/car_4/motion_data.npz?download=true,084b4f1892e6eb13bd6d19f12f4b69cd51476b36,1342111,50571d6a40fc5f7a7ca60028f073330fd2df62719c5cae92fa3cc85dcc623686,brace-f1-ssac27/data/raw/deepracing/Jeddah_7_13_2023_15_27_32_trajectory_data/car_4/motion_data.npz,CC-BY-4.0
deepracing/racing_trajectory_prediction,1e7ec1dfdb6a3cde726d377b0403b51fa51ab2c4,Jeddah,Jeddah_7_13_2023_15_27_32_trajectory_data,car_4,compact_car_data,session_data.npz,Trajectory_Prediction/Jeddah_7_13_2023_15_27_32_trajectory_data/car_4/session_data.npz,https://huggingface.co/datasets/deepracing/racing_trajectory_prediction/resolve/1e7ec1dfdb6a3cde726d377b0403b51fa51ab2c4/Trajectory_Prediction/Jeddah_7_13_2023_15_27_32_trajectory_data/car_4/session_data.npz?download=true,efe702de2f928dd7e3fc453982719bafe79a131a,7893,4b01e39365c5fe1ea44f6ff29d273d887cb2e7e17a45c80e56d059255ddf35f6,brace-f1-ssac27/data/raw/deepracing/Jeddah_7_13_2023_15_27_32_trajectory_data/car_4/session_data.npz,CC-BY-4.0
deepracing/racing_trajectory_prediction,1e7ec1dfdb6a3cde726d377b0403b51fa51ab2c4,Jeddah,Jeddah_7_13_2023_15_27_32_trajectory_data,car_5,compact_car_data,lap_data.npz,Trajectory_Prediction/Jeddah_7_13_2023_15_27_32_trajectory_data/car_5/lap_data.npz,https://huggingface.co/datasets/deepracing/racing_trajectory_prediction/resolve/1e7ec1dfdb6a3cde726d377b0403b51fa51ab2c4/Trajectory_Prediction/Jeddah_7_13_2023_15_27_32_trajectory_data/car_5/lap_data.npz?download=true,4761372005b9f2908d488891680b0ce4dd8ca681,293795,5fd16293844a849f1331ed045dca629055bfd75f410ad182363ad9507e0015b4,brace-f1-ssac27/data/raw/deepracing/Jeddah_7_13_2023_15_27_32_trajectory_data/car_5/lap_data.npz,CC-BY-4.0
deepracing/racing_trajectory_prediction,1e7ec1dfdb6a3cde726d377b0403b51fa51ab2c4,Jeddah,Jeddah_7_13_2023_15_27_32_trajectory_data,car_5,compact_car_data,metadata.yaml,Trajectory_Prediction/Jeddah_7_13_2023_15_27_32_trajectory_data/car_5/metadata.yaml,https://huggingface.co/datasets/deepracing/racing_trajectory_prediction/resolve/1e7ec1dfdb6a3cde726d377b0403b51fa51ab2c4/Trajectory_Prediction/Jeddah_7_13_2023_15_27_32_trajectory_data/car_5/metadata.yaml?download=true,acbe6a0fef60980e89ab73eef8bf9737f3d9fba7,1513,797858757433e65a50a377c9fa82988ff5d0d05a58f2453d296bb1806bf40ec0,brace-f1-ssac27/data/raw/deepracing/Jeddah_7_13_2023_15_27_32_trajectory_data/car_5/metadata.yaml,CC-BY-4.0
deepracing/racing_trajectory_prediction,1e7ec1dfdb6a3cde726d377b0403b51fa51ab2c4,Jeddah,Jeddah_7_13_2023_15_27_32_trajectory_data,car_5,compact_car_data,motion_data.npz,Trajectory_Prediction/Jeddah_7_13_2023_15_27_32_trajectory_data/car_5/motion_data.npz,https://huggingface.co/datasets/deepracing/racing_trajectory_prediction/resolve/1e7ec1dfdb6a3cde726d377b0403b51fa51ab2c4/Trajectory_Prediction/Jeddah_7_13_2023_15_27_32_trajectory_data/car_5/motion_data.npz?download=true,db36b75c4b9c1564fcd83641a92a337a5a50df61,1339427,8bedb855b316bc58bb7de8a23545b5acf4b1f1724c36168eb34fe7a22da029ff,brace-f1-ssac27/data/raw/deepracing/Jeddah_7_13_2023_15_27_32_trajectory_data/car_5/motion_data.npz,CC-BY-4.0
deepracing/racing_trajectory_prediction,1e7ec1dfdb6a3cde726d377b0403b51fa51ab2c4,Jeddah,Jeddah_7_13_2023_15_27_32_trajectory_data,car_5,compact_car_data,session_data.npz,Trajectory_Prediction/Jeddah_7_13_2023_15_27_32_trajectory_data/car_5/session_data.npz,https://huggingface.co/datasets/deepracing/racing_trajectory_prediction/resolve/1e7ec1dfdb6a3cde726d377b0403b51fa51ab2c4/Trajectory_Prediction/Jeddah_7_13_2023_15_27_32_trajectory_data/car_5/session_data.npz?download=true,efe702de2f928dd7e3fc453982719bafe79a131a,7893,4b01e39365c5fe1ea44f6ff29d273d887cb2e7e17a45c80e56d059255ddf35f6,brace-f1-ssac27/data/raw/deepracing/Jeddah_7_13_2023_15_27_32_trajectory_data/car_5/session_data.npz,CC-BY-4.0
deepracing/racing_trajectory_prediction,1e7ec1dfdb6a3cde726d377b0403b51fa51ab2c4,Jeddah,Jeddah_7_13_2023_15_27_32_trajectory_data,car_6,compact_car_data,lap_data.npz,Trajectory_Prediction/Jeddah_7_13_2023_15_27_32_trajectory_data/car_6/lap_data.npz,https://huggingface.co/datasets/deepracing/racing_trajectory_prediction/resolve/1e7ec1dfdb6a3cde726d377b0403b51fa51ab2c4/Trajectory_Prediction/Jeddah_7_13_2023_15_27_32_trajectory_data/car_6/lap_data.npz?download=true,bf6650dd1625f9346848afe56d0cfdc835147614,293521,e139a2f79b4820763add367e4effef3d390172bd9bd3348bf708a1b181191313,brace-f1-ssac27/data/raw/deepracing/Jeddah_7_13_2023_15_27_32_trajectory_data/car_6/lap_data.npz,CC-BY-4.0
deepracing/racing_trajectory_prediction,1e7ec1dfdb6a3cde726d377b0403b51fa51ab2c4,Jeddah,Jeddah_7_13_2023_15_27_32_trajectory_data,car_6,compact_car_data,metadata.yaml,Trajectory_Prediction/Jeddah_7_13_2023_15_27_32_trajectory_data/car_6/metadata.yaml,https://huggingface.co/datasets/deepracing/racing_trajectory_prediction/resolve/1e7ec1dfdb6a3cde726d377b0403b51fa51ab2c4/Trajectory_Prediction/Jeddah_7_13_2023_15_27_32_trajectory_data/car_6/metadata.yaml?download=true,8acacdf508c8e88476632bc9e21628032b1f372e,1513,33498800cb62dfde5244acfbebdc135b64f329359bd77e75b0e28522f4b2c39f,brace-f1-ssac27/data/raw/deepracing/Jeddah_7_13_2023_15_27_32_trajectory_data/car_6/metadata.yaml,CC-BY-4.0
deepracing/racing_trajectory_prediction,1e7ec1dfdb6a3cde726d377b0403b51fa51ab2c4,Jeddah,Jeddah_7_13_2023_15_27_32_trajectory_data,car_6,compact_car_data,motion_data.npz,Trajectory_Prediction/Jeddah_7_13_2023_15_27_32_trajectory_data/car_6/motion_data.npz,https://huggingface.co/datasets/deepracing/racing_trajectory_prediction/resolve/1e7ec1dfdb6a3cde726d377b0403b51fa51ab2c4/Trajectory_Prediction/Jeddah_7_13_2023_15_27_32_trajectory_data/car_6/motion_data.npz?download=true,a7f48e0d4794fb4b0a6da2978297567f2fba5e4a,1338682,c85b806ad078a5e73310f08974688d2d80622d427d7bacaedff31a2b6d0a84ab,brace-f1-ssac27/data/raw/deepracing/Jeddah_7_13_2023_15_27_32_trajectory_data/car_6/motion_data.npz,CC-BY-4.0
deepracing/racing_trajectory_prediction,1e7ec1dfdb6a3cde726d377b0403b51fa51ab2c4,Jeddah,Jeddah_7_13_2023_15_27_32_trajectory_data,car_6,compact_car_data,session_data.npz,Trajectory_Prediction/Jeddah_7_13_2023_15_27_32_trajectory_data/car_6/session_data.npz,https://huggingface.co/datasets/deepracing/racing_trajectory_prediction/resolve/1e7ec1dfdb6a3cde726d377b0403b51fa51ab2c4/Trajectory_Prediction/Jeddah_7_13_2023_15_27_32_trajectory_data/car_6/session_data.npz?download=true,efe702de2f928dd7e3fc453982719bafe79a131a,7893,4b01e39365c5fe1ea44f6ff29d273d887cb2e7e17a45c80e56d059255ddf35f6,brace-f1-ssac27/data/raw/deepracing/Jeddah_7_13_2023_15_27_32_trajectory_data/car_6/session_data.npz,CC-BY-4.0
deepracing/racing_trajectory_prediction,1e7ec1dfdb6a3cde726d377b0403b51fa51ab2c4,Jeddah,Jeddah_7_13_2023_15_27_32_trajectory_data,car_7,compact_car_data,lap_data.npz,Trajectory_Prediction/Jeddah_7_13_2023_15_27_32_trajectory_data/car_7/lap_data.npz,https://huggingface.co/datasets/deepracing/racing_trajectory_prediction/resolve/1e7ec1dfdb6a3cde726d377b0403b51fa51ab2c4/Trajectory_Prediction/Jeddah_7_13_2023_15_27_32_trajectory_data/car_7/lap_data.npz?download=true,9c91996600a4d47a47689af953f54ddedad35372,293436,3b939d14a19b7853872ca49de868c7250bff265c76ec82a725a65db0c510e34a,brace-f1-ssac27/data/raw/deepracing/Jeddah_7_13_2023_15_27_32_trajectory_data/car_7/lap_data.npz,CC-BY-4.0
deepracing/racing_trajectory_prediction,1e7ec1dfdb6a3cde726d377b0403b51fa51ab2c4,Jeddah,Jeddah_7_13_2023_15_27_32_trajectory_data,car_7,compact_car_data,metadata.yaml,Trajectory_Prediction/Jeddah_7_13_2023_15_27_32_trajectory_data/car_7/metadata.yaml,https://huggingface.co/datasets/deepracing/racing_trajectory_prediction/resolve/1e7ec1dfdb6a3cde726d377b0403b51fa51ab2c4/Trajectory_Prediction/Jeddah_7_13_2023_15_27_32_trajectory_data/car_7/metadata.yaml?download=true,b2f9aada6283e0f9c4f61e2ad99643b8a20fa69a,1513,801386721c1189cd3337da3c35db00c7fff3019e33a74d65febf42fdddc2b451,brace-f1-ssac27/data/raw/deepracing/Jeddah_7_13_2023_15_27_32_trajectory_data/car_7/metadata.yaml,CC-BY-4.0
deepracing/racing_trajectory_prediction,1e7ec1dfdb6a3cde726d377b0403b51fa51ab2c4,Jeddah,Jeddah_7_13_2023_15_27_32_trajectory_data,car_7,compact_car_data,motion_data.npz,Trajectory_Prediction/Jeddah_7_13_2023_15_27_32_trajectory_data/car_7/motion_data.npz,https://huggingface.co/datasets/deepracing/racing_trajectory_prediction/resolve/1e7ec1dfdb6a3cde726d377b0403b51fa51ab2c4/Trajectory_Prediction/Jeddah_7_13_2023_15_27_32_trajectory_data/car_7/motion_data.npz?download=true,52e6aeda5ceb75b31ec4c95e0b9464bdcdea9272,1340214,a75bc2f49958bf00b946084b91905b08748867b8a363db4e70bd5507d64d5c8c,brace-f1-ssac27/data/raw/deepracing/Jeddah_7_13_2023_15_27_32_trajectory_data/car_7/motion_data.npz,CC-BY-4.0
deepracing/racing_trajectory_prediction,1e7ec1dfdb6a3cde726d377b0403b51fa51ab2c4,Jeddah,Jeddah_7_13_2023_15_27_32_trajectory_data,car_7,compact_car_data,session_data.npz,Trajectory_Prediction/Jeddah_7_13_2023_15_27_32_trajectory_data/car_7/session_data.npz,https://huggingface.co/datasets/deepracing/racing_trajectory_prediction/resolve/1e7ec1dfdb6a3cde726d377b0403b51fa51ab2c4/Trajectory_Prediction/Jeddah_7_13_2023_15_27_32_trajectory_data/car_7/session_data.npz?download=true,efe702de2f928dd7e3fc453982719bafe79a131a,7893,4b01e39365c5fe1ea44f6ff29d273d887cb2e7e17a45c80e56d059255ddf35f6,brace-f1-ssac27/data/raw/deepracing/Jeddah_7_13_2023_15_27_32_trajectory_data/car_7/session_data.npz,CC-BY-4.0
deepracing/racing_trajectory_prediction,1e7ec1dfdb6a3cde726d377b0403b51fa51ab2c4,Jeddah,Jeddah_7_13_2023_15_27_32_trajectory_data,car_8,compact_car_data,lap_data.npz,Trajectory_Prediction/Jeddah_7_13_2023_15_27_32_trajectory_data/car_8/lap_data.npz,https://huggingface.co/datasets/deepracing/racing_trajectory_prediction/resolve/1e7ec1dfdb6a3cde726d377b0403b51fa51ab2c4/Trajectory_Prediction/Jeddah_7_13_2023_15_27_32_trajectory_data/car_8/lap_data.npz?download=true,a18bccc48dbf43d157b9f07949dd48b09e14c9fb,295583,95655b54ce0c08c2436506ff64396aea594a4058cff27f72a62d231e36095fba,brace-f1-ssac27/data/raw/deepracing/Jeddah_7_13_2023_15_27_32_trajectory_data/car_8/lap_data.npz,CC-BY-4.0
deepracing/racing_trajectory_prediction,1e7ec1dfdb6a3cde726d377b0403b51fa51ab2c4,Jeddah,Jeddah_7_13_2023_15_27_32_trajectory_data,car_8,compact_car_data,metadata.yaml,Trajectory_Prediction/Jeddah_7_13_2023_15_27_32_trajectory_data/car_8/metadata.yaml,https://huggingface.co/datasets/deepracing/racing_trajectory_prediction/resolve/1e7ec1dfdb6a3cde726d377b0403b51fa51ab2c4/Trajectory_Prediction/Jeddah_7_13_2023_15_27_32_trajectory_data/car_8/metadata.yaml?download=true,03d4e0dfc19a9465898fe5fceb020295f2539041,1513,2d3cb0e48bbe466a48051eedb341f7f1fa45332d830ac33fbeed53271c5c42b9,brace-f1-ssac27/data/raw/deepracing/Jeddah_7_13_2023_15_27_32_trajectory_data/car_8/metadata.yaml,CC-BY-4.0
deepracing/racing_trajectory_prediction,1e7ec1dfdb6a3cde726d377b0403b51fa51ab2c4,Jeddah,Jeddah_7_13_2023_15_27_32_trajectory_data,car_8,compact_car_data,motion_data.npz,Trajectory_Prediction/Jeddah_7_13_2023_15_27_32_trajectory_data/car_8/motion_data.npz,https://huggingface.co/datasets/deepracing/racing_trajectory_prediction/resolve/1e7ec1dfdb6a3cde726d377b0403b51fa51ab2c4/Trajectory_Prediction/Jeddah_7_13_2023_15_27_32_trajectory_data/car_8/motion_data.npz?download=true,5f3332e368d21b55531f22c89cd416654c5a4568,1342770,2cbcf86cc69a0a99a6d8124f55db8cbe6c4d86df403801d6e1756416922fd3bc,brace-f1-ssac27/data/raw/deepracing/Jeddah_7_13_2023_15_27_32_trajectory_data/car_8/motion_data.npz,CC-BY-4.0
deepracing/racing_trajectory_prediction,1e7ec1dfdb6a3cde726d377b0403b51fa51ab2c4,Jeddah,Jeddah_7_13_2023_15_27_32_trajectory_data,car_8,compact_car_data,session_data.npz,Trajectory_Prediction/Jeddah_7_13_2023_15_27_32_trajectory_data/car_8/session_data.npz,https://huggingface.co/datasets/deepracing/racing_trajectory_prediction/resolve/1e7ec1dfdb6a3cde726d377b0403b51fa51ab2c4/Trajectory_Prediction/Jeddah_7_13_2023_15_27_32_trajectory_data/car_8/session_data.npz?download=true,efe702de2f928dd7e3fc453982719bafe79a131a,7893,4b01e39365c5fe1ea44f6ff29d273d887cb2e7e17a45c80e56d059255ddf35f6,brace-f1-ssac27/data/raw/deepracing/Jeddah_7_13_2023_15_27_32_trajectory_data/car_8/session_data.npz,CC-BY-4.0
deepracing/racing_trajectory_prediction,1e7ec1dfdb6a3cde726d377b0403b51fa51ab2c4,Jeddah,Jeddah_7_13_2023_15_27_32_trajectory_data,car_9,compact_car_data,lap_data.npz,Trajectory_Prediction/Jeddah_7_13_2023_15_27_32_trajectory_data/car_9/lap_data.npz,https://huggingface.co/datasets/deepracing/racing_trajectory_prediction/resolve/1e7ec1dfdb6a3cde726d377b0403b51fa51ab2c4/Trajectory_Prediction/Jeddah_7_13_2023_15_27_32_trajectory_data/car_9/lap_data.npz?download=true,fc197240a2547950f4db3d246e4aabcdc038fab7,293797,e25bfaaa18dc8982a0a4016b36d4fedb975bc5c1f405fd77d7ad0273277e1f9d,brace-f1-ssac27/data/raw/deepracing/Jeddah_7_13_2023_15_27_32_trajectory_data/car_9/lap_data.npz,CC-BY-4.0
deepracing/racing_trajectory_prediction,1e7ec1dfdb6a3cde726d377b0403b51fa51ab2c4,Jeddah,Jeddah_7_13_2023_15_27_32_trajectory_data,car_9,compact_car_data,metadata.yaml,Trajectory_Prediction/Jeddah_7_13_2023_15_27_32_trajectory_data/car_9/metadata.yaml,https://huggingface.co/datasets/deepracing/racing_trajectory_prediction/resolve/1e7ec1dfdb6a3cde726d377b0403b51fa51ab2c4/Trajectory_Prediction/Jeddah_7_13_2023_15_27_32_trajectory_data/car_9/metadata.yaml?download=true,fdcb4deb0addac2550bf1ad6e96fd1da87bf4817,1513,b002022a92db93e06cb83725c09371c36b69892caab7c7199f9b8c1237e5eb94,brace-f1-ssac27/data/raw/deepracing/Jeddah_7_13_2023_15_27_32_trajectory_data/car_9/metadata.yaml,CC-BY-4.0
deepracing/racing_trajectory_prediction,1e7ec1dfdb6a3cde726d377b0403b51fa51ab2c4,Jeddah,Jeddah_7_13_2023_15_27_32_trajectory_data,car_9,compact_car_data,motion_data.npz,Trajectory_Prediction/Jeddah_7_13_2023_15_27_32_trajectory_data/car_9/motion_data.npz,https://huggingface.co/datasets/deepracing/racing_trajectory_prediction/resolve/1e7ec1dfdb6a3cde726d377b0403b51fa51ab2c4/Trajectory_Prediction/Jeddah_7_13_2023_15_27_32_trajectory_data/car_9/motion_data.npz?download=true,b4b55c56013756f41c067ae934cf1217c7d7b4a5,1341030,1e31251499b60570ffa1b34e280d22640a1fa90df4f91d532f608edc857b9072,brace-f1-ssac27/data/raw/deepracing/Jeddah_7_13_2023_15_27_32_trajectory_data/car_9/motion_data.npz,CC-BY-4.0
deepracing/racing_trajectory_prediction,1e7ec1dfdb6a3cde726d377b0403b51fa51ab2c4,Jeddah,Jeddah_7_13_2023_15_27_32_trajectory_data,car_9,compact_car_data,session_data.npz,Trajectory_Prediction/Jeddah_7_13_2023_15_27_32_trajectory_data/car_9/session_data.npz,https://huggingface.co/datasets/deepracing/racing_trajectory_prediction/resolve/1e7ec1dfdb6a3cde726d377b0403b51fa51ab2c4/Trajectory_Prediction/Jeddah_7_13_2023_15_27_32_trajectory_data/car_9/session_data.npz?download=true,efe702de2f928dd7e3fc453982719bafe79a131a,7893,4b01e39365c5fe1ea44f6ff29d273d887cb2e7e17a45c80e56d059255ddf35f6,brace-f1-ssac27/data/raw/deepracing/Jeddah_7_13_2023_15_27_32_trajectory_data/car_9/session_data.npz,CC-BY-4.0
deepracing/racing_trajectory_prediction,1e7ec1dfdb6a3cde726d377b0403b51fa51ab2c4,Monza,Monza_7_6_2023_16_23_11_trajectory_data,car_2,boundary,center_line.pcd,Trajectory_Prediction/Monza_7_6_2023_16_23_11_trajectory_data/car_2/center_line.pcd,https://huggingface.co/datasets/deepracing/racing_trajectory_prediction/resolve/1e7ec1dfdb6a3cde726d377b0403b51fa51ab2c4/Trajectory_Prediction/Monza_7_6_2023_16_23_11_trajectory_data/car_2/center_line.pcd?download=true,77a8fd2a84fb6149a6f9b2a98889e5efeded7fe1,104686,6f57d3fcacb4bbd7d14596f8411dc84a6bfa4f42092d908c322962b38dd411da,brace-f1-ssac27/data/raw/deepracing/Monza_7_6_2023_16_23_11_trajectory_data/car_2/center_line.pcd,CC-BY-4.0
deepracing/racing_trajectory_prediction,1e7ec1dfdb6a3cde726d377b0403b51fa51ab2c4,Monza,Monza_7_6_2023_16_23_11_trajectory_data,car_2,boundary,inner_boundary.pcd,Trajectory_Prediction/Monza_7_6_2023_16_23_11_trajectory_data/car_2/inner_boundary.pcd,https://huggingface.co/datasets/deepracing/racing_trajectory_prediction/resolve/1e7ec1dfdb6a3cde726d377b0403b51fa51ab2c4/Trajectory_Prediction/Monza_7_6_2023_16_23_11_trajectory_data/car_2/inner_boundary.pcd?download=true,71b8576ec3c93668723445e1695ae1d0307ae3a4,104206,5f0a1e5ea2aac548365a504c079b26521eeedf30f6b920eb31c16f141e82b5bc,brace-f1-ssac27/data/raw/deepracing/Monza_7_6_2023_16_23_11_trajectory_data/car_2/inner_boundary.pcd,CC-BY-4.0
deepracing/racing_trajectory_prediction,1e7ec1dfdb6a3cde726d377b0403b51fa51ab2c4,Monza,Monza_7_6_2023_16_23_11_trajectory_data,car_2,compact_car_data,lap_data.npz,Trajectory_Prediction/Monza_7_6_2023_16_23_11_trajectory_data/car_2/lap_data.npz,https://huggingface.co/datasets/deepracing/racing_trajectory_prediction/resolve/1e7ec1dfdb6a3cde726d377b0403b51fa51ab2c4/Trajectory_Prediction/Monza_7_6_2023_16_23_11_trajectory_data/car_2/lap_data.npz?download=true,21900ae20676c79994f40dc2b05e155dadd000c5,134878,756f23ab88edee34f743a0bfde4fe344af5fbfda3ed4b5ab78a2a536631449fc,brace-f1-ssac27/data/raw/deepracing/Monza_7_6_2023_16_23_11_trajectory_data/car_2/lap_data.npz,CC-BY-4.0
deepracing/racing_trajectory_prediction,1e7ec1dfdb6a3cde726d377b0403b51fa51ab2c4,Monza,Monza_7_6_2023_16_23_11_trajectory_data,car_2,compact_car_data,metadata.yaml,Trajectory_Prediction/Monza_7_6_2023_16_23_11_trajectory_data/car_2/metadata.yaml,https://huggingface.co/datasets/deepracing/racing_trajectory_prediction/resolve/1e7ec1dfdb6a3cde726d377b0403b51fa51ab2c4/Trajectory_Prediction/Monza_7_6_2023_16_23_11_trajectory_data/car_2/metadata.yaml?download=true,bffaa24a612d79f3025d61937d9c263f50c8c85b,1513,b0b36f1918b5bcd6765800e0054a3243fbe4a2e8feb0abddc0eaca17c495ce10,brace-f1-ssac27/data/raw/deepracing/Monza_7_6_2023_16_23_11_trajectory_data/car_2/metadata.yaml,CC-BY-4.0
deepracing/racing_trajectory_prediction,1e7ec1dfdb6a3cde726d377b0403b51fa51ab2c4,Monza,Monza_7_6_2023_16_23_11_trajectory_data,car_2,compact_car_data,motion_data.npz,Trajectory_Prediction/Monza_7_6_2023_16_23_11_trajectory_data/car_2/motion_data.npz,https://huggingface.co/datasets/deepracing/racing_trajectory_prediction/resolve/1e7ec1dfdb6a3cde726d377b0403b51fa51ab2c4/Trajectory_Prediction/Monza_7_6_2023_16_23_11_trajectory_data/car_2/motion_data.npz?download=true,ee2987b5be89ff43f1511dd2992f4601f1d8b31a,611044,911bc892a6245d5fd850ab5757befcc8dce2486cbf395dd24eb0e1c0c0f9fb20,brace-f1-ssac27/data/raw/deepracing/Monza_7_6_2023_16_23_11_trajectory_data/car_2/motion_data.npz,CC-BY-4.0
deepracing/racing_trajectory_prediction,1e7ec1dfdb6a3cde726d377b0403b51fa51ab2c4,Monza,Monza_7_6_2023_16_23_11_trajectory_data,car_2,boundary,outer_boundary.pcd,Trajectory_Prediction/Monza_7_6_2023_16_23_11_trajectory_data/car_2/outer_boundary.pcd,https://huggingface.co/datasets/deepracing/racing_trajectory_prediction/resolve/1e7ec1dfdb6a3cde726d377b0403b51fa51ab2c4/Trajectory_Prediction/Monza_7_6_2023_16_23_11_trajectory_data/car_2/outer_boundary.pcd?download=true,23c947b78e6ce47bdf024d775019cbaeb6d2e088,104926,760a2d9635c8d0ab61c817e86bd4a50edc8e555ee005f4039540c5887ca1c52d,brace-f1-ssac27/data/raw/deepracing/Monza_7_6_2023_16_23_11_trajectory_data/car_2/outer_boundary.pcd,CC-BY-4.0
deepracing/racing_trajectory_prediction,1e7ec1dfdb6a3cde726d377b0403b51fa51ab2c4,Monza,Monza_7_6_2023_16_23_11_trajectory_data,car_2,compact_car_data,session_data.npz,Trajectory_Prediction/Monza_7_6_2023_16_23_11_trajectory_data/car_2/session_data.npz,https://huggingface.co/datasets/deepracing/racing_trajectory_prediction/resolve/1e7ec1dfdb6a3cde726d377b0403b51fa51ab2c4/Trajectory_Prediction/Monza_7_6_2023_16_23_11_trajectory_data/car_2/session_data.npz?download=true,24d155933ebf64b83c85bf7d7e4056b7474c6f7a,4465,9336492852c01deed06970864bcc794402988e92fd4700fceb6099372550af14,brace-f1-ssac27/data/raw/deepracing/Monza_7_6_2023_16_23_11_trajectory_data/car_2/session_data.npz,CC-BY-4.0
deepracing/racing_trajectory_prediction,1e7ec1dfdb6a3cde726d377b0403b51fa51ab2c4,Monza,Monza_7_6_2023_16_23_11_trajectory_data,car_3,compact_car_data,lap_data.npz,Trajectory_Prediction/Monza_7_6_2023_16_23_11_trajectory_data/car_3/lap_data.npz,https://huggingface.co/datasets/deepracing/racing_trajectory_prediction/resolve/1e7ec1dfdb6a3cde726d377b0403b51fa51ab2c4/Trajectory_Prediction/Monza_7_6_2023_16_23_11_trajectory_data/car_3/lap_data.npz?download=true,a324cff566df5e4e4b35419875b24ee77ef32e1f,92547,5d06bc51296b59a3a392d91fc592ccb8feaf34f515ef059c8d9b9c52b908b300,brace-f1-ssac27/data/raw/deepracing/Monza_7_6_2023_16_23_11_trajectory_data/car_3/lap_data.npz,CC-BY-4.0
deepracing/racing_trajectory_prediction,1e7ec1dfdb6a3cde726d377b0403b51fa51ab2c4,Monza,Monza_7_6_2023_16_23_11_trajectory_data,car_3,compact_car_data,metadata.yaml,Trajectory_Prediction/Monza_7_6_2023_16_23_11_trajectory_data/car_3/metadata.yaml,https://huggingface.co/datasets/deepracing/racing_trajectory_prediction/resolve/1e7ec1dfdb6a3cde726d377b0403b51fa51ab2c4/Trajectory_Prediction/Monza_7_6_2023_16_23_11_trajectory_data/car_3/metadata.yaml?download=true,bf37906bdb087218f7b4b1febda14fa810cd0a61,1510,13e33ddabf99307e71d287817c276ff0c6937df7626510a2c5e082fa02b3a2d8,brace-f1-ssac27/data/raw/deepracing/Monza_7_6_2023_16_23_11_trajectory_data/car_3/metadata.yaml,CC-BY-4.0
deepracing/racing_trajectory_prediction,1e7ec1dfdb6a3cde726d377b0403b51fa51ab2c4,Monza,Monza_7_6_2023_16_23_11_trajectory_data,car_3,compact_car_data,motion_data.npz,Trajectory_Prediction/Monza_7_6_2023_16_23_11_trajectory_data/car_3/motion_data.npz,https://huggingface.co/datasets/deepracing/racing_trajectory_prediction/resolve/1e7ec1dfdb6a3cde726d377b0403b51fa51ab2c4/Trajectory_Prediction/Monza_7_6_2023_16_23_11_trajectory_data/car_3/motion_data.npz?download=true,95d40997e2f9a6365fc74c22992709c86c3726f7,439773,3fe7a58fac3a16b66695f94d742f30385708b5e3444312fbb927b280dd4d6e9b,brace-f1-ssac27/data/raw/deepracing/Monza_7_6_2023_16_23_11_trajectory_data/car_3/motion_data.npz,CC-BY-4.0
deepracing/racing_trajectory_prediction,1e7ec1dfdb6a3cde726d377b0403b51fa51ab2c4,Monza,Monza_7_6_2023_16_23_11_trajectory_data,car_3,compact_car_data,session_data.npz,Trajectory_Prediction/Monza_7_6_2023_16_23_11_trajectory_data/car_3/session_data.npz,https://huggingface.co/datasets/deepracing/racing_trajectory_prediction/resolve/1e7ec1dfdb6a3cde726d377b0403b51fa51ab2c4/Trajectory_Prediction/Monza_7_6_2023_16_23_11_trajectory_data/car_3/session_data.npz?download=true,24d155933ebf64b83c85bf7d7e4056b7474c6f7a,4465,9336492852c01deed06970864bcc794402988e92fd4700fceb6099372550af14,brace-f1-ssac27/data/raw/deepracing/Monza_7_6_2023_16_23_11_trajectory_data/car_3/session_data.npz,CC-BY-4.0
deepracing/racing_trajectory_prediction,1e7ec1dfdb6a3cde726d377b0403b51fa51ab2c4,Monza,Monza_7_6_2023_16_23_11_trajectory_data,car_4,compact_car_data,lap_data.npz,Trajectory_Prediction/Monza_7_6_2023_16_23_11_trajectory_data/car_4/lap_data.npz,https://huggingface.co/datasets/deepracing/racing_trajectory_prediction/resolve/1e7ec1dfdb6a3cde726d377b0403b51fa51ab2c4/Trajectory_Prediction/Monza_7_6_2023_16_23_11_trajectory_data/car_4/lap_data.npz?download=true,d10594aa147410ee39600dfbacd43dda54c04b90,135300,1759bdfef9a1fc0caccc91db3e8a3447d0e936e8fb9a2fe18b8c402d5c460aa6,brace-f1-ssac27/data/raw/deepracing/Monza_7_6_2023_16_23_11_trajectory_data/car_4/lap_data.npz,CC-BY-4.0
deepracing/racing_trajectory_prediction,1e7ec1dfdb6a3cde726d377b0403b51fa51ab2c4,Monza,Monza_7_6_2023_16_23_11_trajectory_data,car_4,compact_car_data,metadata.yaml,Trajectory_Prediction/Monza_7_6_2023_16_23_11_trajectory_data/car_4/metadata.yaml,https://huggingface.co/datasets/deepracing/racing_trajectory_prediction/resolve/1e7ec1dfdb6a3cde726d377b0403b51fa51ab2c4/Trajectory_Prediction/Monza_7_6_2023_16_23_11_trajectory_data/car_4/metadata.yaml?download=true,5e70f65b184bd938c089cfdd2147af9998e315bd,1513,f5737bf94ac91d1b52becc96e566dbcbb60aa9a97c8e43d958efd5c3b29eb625,brace-f1-ssac27/data/raw/deepracing/Monza_7_6_2023_16_23_11_trajectory_data/car_4/metadata.yaml,CC-BY-4.0
deepracing/racing_trajectory_prediction,1e7ec1dfdb6a3cde726d377b0403b51fa51ab2c4,Monza,Monza_7_6_2023_16_23_11_trajectory_data,car_4,compact_car_data,motion_data.npz,Trajectory_Prediction/Monza_7_6_2023_16_23_11_trajectory_data/car_4/motion_data.npz,https://huggingface.co/datasets/deepracing/racing_trajectory_prediction/resolve/1e7ec1dfdb6a3cde726d377b0403b51fa51ab2c4/Trajectory_Prediction/Monza_7_6_2023_16_23_11_trajectory_data/car_4/motion_data.npz?download=true,8e1d183e7b1f554609ee542a3e1757d40b2662dd,610971,d746cc386bec46bd3e56562daeba308a698b8a3cd7f4c0070a74ddcd37c9a04e,brace-f1-ssac27/data/raw/deepracing/Monza_7_6_2023_16_23_11_trajectory_data/car_4/motion_data.npz,CC-BY-4.0
deepracing/racing_trajectory_prediction,1e7ec1dfdb6a3cde726d377b0403b51fa51ab2c4,Monza,Monza_7_6_2023_16_23_11_trajectory_data,car_4,compact_car_data,session_data.npz,Trajectory_Prediction/Monza_7_6_2023_16_23_11_trajectory_data/car_4/session_data.npz,https://huggingface.co/datasets/deepracing/racing_trajectory_prediction/resolve/1e7ec1dfdb6a3cde726d377b0403b51fa51ab2c4/Trajectory_Prediction/Monza_7_6_2023_16_23_11_trajectory_data/car_4/session_data.npz?download=true,24d155933ebf64b83c85bf7d7e4056b7474c6f7a,4465,9336492852c01deed06970864bcc794402988e92fd4700fceb6099372550af14,brace-f1-ssac27/data/raw/deepracing/Monza_7_6_2023_16_23_11_trajectory_data/car_4/session_data.npz,CC-BY-4.0
deepracing/racing_trajectory_prediction,1e7ec1dfdb6a3cde726d377b0403b51fa51ab2c4,Monza,Monza_7_6_2023_16_23_11_trajectory_data,car_5,compact_car_data,lap_data.npz,Trajectory_Prediction/Monza_7_6_2023_16_23_11_trajectory_data/car_5/lap_data.npz,https://huggingface.co/datasets/deepracing/racing_trajectory_prediction/resolve/1e7ec1dfdb6a3cde726d377b0403b51fa51ab2c4/Trajectory_Prediction/Monza_7_6_2023_16_23_11_trajectory_data/car_5/lap_data.npz?download=true,0a29a19032a609eb2e6a191d4e9376fc97e5db5f,134998,4c8a3fc708f357b9e1afa35d20f0d73944c2e0596a46a2cc73f14513c8788069,brace-f1-ssac27/data/raw/deepracing/Monza_7_6_2023_16_23_11_trajectory_data/car_5/lap_data.npz,CC-BY-4.0
deepracing/racing_trajectory_prediction,1e7ec1dfdb6a3cde726d377b0403b51fa51ab2c4,Monza,Monza_7_6_2023_16_23_11_trajectory_data,car_5,compact_car_data,metadata.yaml,Trajectory_Prediction/Monza_7_6_2023_16_23_11_trajectory_data/car_5/metadata.yaml,https://huggingface.co/datasets/deepracing/racing_trajectory_prediction/resolve/1e7ec1dfdb6a3cde726d377b0403b51fa51ab2c4/Trajectory_Prediction/Monza_7_6_2023_16_23_11_trajectory_data/car_5/metadata.yaml?download=true,a924f2625b72f3ae7051a386336f84c25981c141,1513,675cca2a458d83729da50fe1fdfc4eaacac459d607422aef79989fbd2536e851,brace-f1-ssac27/data/raw/deepracing/Monza_7_6_2023_16_23_11_trajectory_data/car_5/metadata.yaml,CC-BY-4.0
deepracing/racing_trajectory_prediction,1e7ec1dfdb6a3cde726d377b0403b51fa51ab2c4,Monza,Monza_7_6_2023_16_23_11_trajectory_data,car_5,compact_car_data,motion_data.npz,Trajectory_Prediction/Monza_7_6_2023_16_23_11_trajectory_data/car_5/motion_data.npz,https://huggingface.co/datasets/deepracing/racing_trajectory_prediction/resolve/1e7ec1dfdb6a3cde726d377b0403b51fa51ab2c4/Trajectory_Prediction/Monza_7_6_2023_16_23_11_trajectory_data/car_5/motion_data.npz?download=true,ccaf948287f092762e153debfe38b6cdd6a522b5,611431,428d3d598462a3a90e620e0c9255b9e4d67917d507b0c1877631500ee832d099,brace-f1-ssac27/data/raw/deepracing/Monza_7_6_2023_16_23_11_trajectory_data/car_5/motion_data.npz,CC-BY-4.0
deepracing/racing_trajectory_prediction,1e7ec1dfdb6a3cde726d377b0403b51fa51ab2c4,Monza,Monza_7_6_2023_16_23_11_trajectory_data,car_5,compact_car_data,session_data.npz,Trajectory_Prediction/Monza_7_6_2023_16_23_11_trajectory_data/car_5/session_data.npz,https://huggingface.co/datasets/deepracing/racing_trajectory_prediction/resolve/1e7ec1dfdb6a3cde726d377b0403b51fa51ab2c4/Trajectory_Prediction/Monza_7_6_2023_16_23_11_trajectory_data/car_5/session_data.npz?download=true,24d155933ebf64b83c85bf7d7e4056b7474c6f7a,4465,9336492852c01deed06970864bcc794402988e92fd4700fceb6099372550af14,brace-f1-ssac27/data/raw/deepracing/Monza_7_6_2023_16_23_11_trajectory_data/car_5/session_data.npz,CC-BY-4.0
deepracing/racing_trajectory_prediction,1e7ec1dfdb6a3cde726d377b0403b51fa51ab2c4,Monza,Monza_7_6_2023_16_23_11_trajectory_data,car_6,compact_car_data,lap_data.npz,Trajectory_Prediction/Monza_7_6_2023_16_23_11_trajectory_data/car_6/lap_data.npz,https://huggingface.co/datasets/deepracing/racing_trajectory_prediction/resolve/1e7ec1dfdb6a3cde726d377b0403b51fa51ab2c4/Trajectory_Prediction/Monza_7_6_2023_16_23_11_trajectory_data/car_6/lap_data.npz?download=true,b1ac58b4316da170e841b8b34dd28ea2a165d63b,133531,fcb6cb01742664ccbd61e69806d439c47e6033ee3a9ae64630f54edd29bc579a,brace-f1-ssac27/data/raw/deepracing/Monza_7_6_2023_16_23_11_trajectory_data/car_6/lap_data.npz,CC-BY-4.0
deepracing/racing_trajectory_prediction,1e7ec1dfdb6a3cde726d377b0403b51fa51ab2c4,Monza,Monza_7_6_2023_16_23_11_trajectory_data,car_6,compact_car_data,metadata.yaml,Trajectory_Prediction/Monza_7_6_2023_16_23_11_trajectory_data/car_6/metadata.yaml,https://huggingface.co/datasets/deepracing/racing_trajectory_prediction/resolve/1e7ec1dfdb6a3cde726d377b0403b51fa51ab2c4/Trajectory_Prediction/Monza_7_6_2023_16_23_11_trajectory_data/car_6/metadata.yaml?download=true,92ab796a31d292237942f7d574c48ed8b047537e,1513,f87d7bd691c465fae9ce18f783302fb0783cc5e18611b481d4b19de6ed1ec38d,brace-f1-ssac27/data/raw/deepracing/Monza_7_6_2023_16_23_11_trajectory_data/car_6/metadata.yaml,CC-BY-4.0
deepracing/racing_trajectory_prediction,1e7ec1dfdb6a3cde726d377b0403b51fa51ab2c4,Monza,Monza_7_6_2023_16_23_11_trajectory_data,car_6,compact_car_data,motion_data.npz,Trajectory_Prediction/Monza_7_6_2023_16_23_11_trajectory_data/car_6/motion_data.npz,https://huggingface.co/datasets/deepracing/racing_trajectory_prediction/resolve/1e7ec1dfdb6a3cde726d377b0403b51fa51ab2c4/Trajectory_Prediction/Monza_7_6_2023_16_23_11_trajectory_data/car_6/motion_data.npz?download=true,5dbd2aa3106b4459a51be093559c5938a0381c43,608740,1151c0a6bf52022d8d4e3fcae08550e56e7c1deedf167982f4fa70b0a62fdcca,brace-f1-ssac27/data/raw/deepracing/Monza_7_6_2023_16_23_11_trajectory_data/car_6/motion_data.npz,CC-BY-4.0
deepracing/racing_trajectory_prediction,1e7ec1dfdb6a3cde726d377b0403b51fa51ab2c4,Monza,Monza_7_6_2023_16_23_11_trajectory_data,car_6,compact_car_data,session_data.npz,Trajectory_Prediction/Monza_7_6_2023_16_23_11_trajectory_data/car_6/session_data.npz,https://huggingface.co/datasets/deepracing/racing_trajectory_prediction/resolve/1e7ec1dfdb6a3cde726d377b0403b51fa51ab2c4/Trajectory_Prediction/Monza_7_6_2023_16_23_11_trajectory_data/car_6/session_data.npz?download=true,24d155933ebf64b83c85bf7d7e4056b7474c6f7a,4465,9336492852c01deed06970864bcc794402988e92fd4700fceb6099372550af14,brace-f1-ssac27/data/raw/deepracing/Monza_7_6_2023_16_23_11_trajectory_data/car_6/session_data.npz,CC-BY-4.0
deepracing/racing_trajectory_prediction,1e7ec1dfdb6a3cde726d377b0403b51fa51ab2c4,Monza,Monza_7_6_2023_16_23_11_trajectory_data,car_7,compact_car_data,lap_data.npz,Trajectory_Prediction/Monza_7_6_2023_16_23_11_trajectory_data/car_7/lap_data.npz,https://huggingface.co/datasets/deepracing/racing_trajectory_prediction/resolve/1e7ec1dfdb6a3cde726d377b0403b51fa51ab2c4/Trajectory_Prediction/Monza_7_6_2023_16_23_11_trajectory_data/car_7/lap_data.npz?download=true,60f9b499a9ce8b7b5d7b84a5529a0a0830ea2199,134783,72eda2b84bd6959e26d4cc32c1fe4cd7c303d2ab69bc229449c89522847d2b15,brace-f1-ssac27/data/raw/deepracing/Monza_7_6_2023_16_23_11_trajectory_data/car_7/lap_data.npz,CC-BY-4.0
deepracing/racing_trajectory_prediction,1e7ec1dfdb6a3cde726d377b0403b51fa51ab2c4,Monza,Monza_7_6_2023_16_23_11_trajectory_data,car_7,compact_car_data,metadata.yaml,Trajectory_Prediction/Monza_7_6_2023_16_23_11_trajectory_data/car_7/metadata.yaml,https://huggingface.co/datasets/deepracing/racing_trajectory_prediction/resolve/1e7ec1dfdb6a3cde726d377b0403b51fa51ab2c4/Trajectory_Prediction/Monza_7_6_2023_16_23_11_trajectory_data/car_7/metadata.yaml?download=true,f607a11f5e21d6c292830417124cf4b080c6af88,1510,37f7a9ac85e26e6b2ddd865344eef52fd2ea52edb3349a57fae2b6fde81bf922,brace-f1-ssac27/data/raw/deepracing/Monza_7_6_2023_16_23_11_trajectory_data/car_7/metadata.yaml,CC-BY-4.0
deepracing/racing_trajectory_prediction,1e7ec1dfdb6a3cde726d377b0403b51fa51ab2c4,Monza,Monza_7_6_2023_16_23_11_trajectory_data,car_7,compact_car_data,motion_data.npz,Trajectory_Prediction/Monza_7_6_2023_16_23_11_trajectory_data/car_7/motion_data.npz,https://huggingface.co/datasets/deepracing/racing_trajectory_prediction/resolve/1e7ec1dfdb6a3cde726d377b0403b51fa51ab2c4/Trajectory_Prediction/Monza_7_6_2023_16_23_11_trajectory_data/car_7/motion_data.npz?download=true,86beeae79533f8be1049986785e86ff1a63565da,609389,6a3d3b4c61cc2803f29dcd83bc4cad763023727ccef72b498aaff9997702ffc0,brace-f1-ssac27/data/raw/deepracing/Monza_7_6_2023_16_23_11_trajectory_data/car_7/motion_data.npz,CC-BY-4.0
deepracing/racing_trajectory_prediction,1e7ec1dfdb6a3cde726d377b0403b51fa51ab2c4,Monza,Monza_7_6_2023_16_23_11_trajectory_data,car_7,compact_car_data,session_data.npz,Trajectory_Prediction/Monza_7_6_2023_16_23_11_trajectory_data/car_7/session_data.npz,https://huggingface.co/datasets/deepracing/racing_trajectory_prediction/resolve/1e7ec1dfdb6a3cde726d377b0403b51fa51ab2c4/Trajectory_Prediction/Monza_7_6_2023_16_23_11_trajectory_data/car_7/session_data.npz?download=true,24d155933ebf64b83c85bf7d7e4056b7474c6f7a,4465,9336492852c01deed06970864bcc794402988e92fd4700fceb6099372550af14,brace-f1-ssac27/data/raw/deepracing/Monza_7_6_2023_16_23_11_trajectory_data/car_7/session_data.npz,CC-BY-4.0
deepracing/racing_trajectory_prediction,1e7ec1dfdb6a3cde726d377b0403b51fa51ab2c4,Monza,Monza_7_6_2023_16_23_11_trajectory_data,car_8,compact_car_data,lap_data.npz,Trajectory_Prediction/Monza_7_6_2023_16_23_11_trajectory_data/car_8/lap_data.npz,https://huggingface.co/datasets/deepracing/racing_trajectory_prediction/resolve/1e7ec1dfdb6a3cde726d377b0403b51fa51ab2c4/Trajectory_Prediction/Monza_7_6_2023_16_23_11_trajectory_data/car_8/lap_data.npz?download=true,6cb169d00577b440ca037cdb0cc10eac267e3e63,61612,fd44d962b485078e308cee64230f36c94c31f7fdf7b581fab83bdaf10fb0d2d7,brace-f1-ssac27/data/raw/deepracing/Monza_7_6_2023_16_23_11_trajectory_data/car_8/lap_data.npz,CC-BY-4.0
deepracing/racing_trajectory_prediction,1e7ec1dfdb6a3cde726d377b0403b51fa51ab2c4,Monza,Monza_7_6_2023_16_23_11_trajectory_data,car_8,compact_car_data,metadata.yaml,Trajectory_Prediction/Monza_7_6_2023_16_23_11_trajectory_data/car_8/metadata.yaml,https://huggingface.co/datasets/deepracing/racing_trajectory_prediction/resolve/1e7ec1dfdb6a3cde726d377b0403b51fa51ab2c4/Trajectory_Prediction/Monza_7_6_2023_16_23_11_trajectory_data/car_8/metadata.yaml?download=true,67854c57dded11f863dc860e6ad8845e703c8514,1510,09e8cbd4e5de037dda47d227e0c038a1d557746de277c043d8c66eaa8793ca29,brace-f1-ssac27/data/raw/deepracing/Monza_7_6_2023_16_23_11_trajectory_data/car_8/metadata.yaml,CC-BY-4.0
deepracing/racing_trajectory_prediction,1e7ec1dfdb6a3cde726d377b0403b51fa51ab2c4,Monza,Monza_7_6_2023_16_23_11_trajectory_data,car_8,compact_car_data,motion_data.npz,Trajectory_Prediction/Monza_7_6_2023_16_23_11_trajectory_data/car_8/motion_data.npz,https://huggingface.co/datasets/deepracing/racing_trajectory_prediction/resolve/1e7ec1dfdb6a3cde726d377b0403b51fa51ab2c4/Trajectory_Prediction/Monza_7_6_2023_16_23_11_trajectory_data/car_8/motion_data.npz?download=true,086e0c033dacc251c9b7fb75cae537fe26b1b49d,287881,6da1a1b3cdbbd8e84bd07e42b8bf693ffd8042fdb93de8b2ac5adb6494b8e511,brace-f1-ssac27/data/raw/deepracing/Monza_7_6_2023_16_23_11_trajectory_data/car_8/motion_data.npz,CC-BY-4.0
deepracing/racing_trajectory_prediction,1e7ec1dfdb6a3cde726d377b0403b51fa51ab2c4,Monza,Monza_7_6_2023_16_23_11_trajectory_data,car_8,compact_car_data,session_data.npz,Trajectory_Prediction/Monza_7_6_2023_16_23_11_trajectory_data/car_8/session_data.npz,https://huggingface.co/datasets/deepracing/racing_trajectory_prediction/resolve/1e7ec1dfdb6a3cde726d377b0403b51fa51ab2c4/Trajectory_Prediction/Monza_7_6_2023_16_23_11_trajectory_data/car_8/session_data.npz?download=true,24d155933ebf64b83c85bf7d7e4056b7474c6f7a,4465,9336492852c01deed06970864bcc794402988e92fd4700fceb6099372550af14,brace-f1-ssac27/data/raw/deepracing/Monza_7_6_2023_16_23_11_trajectory_data/car_8/session_data.npz,CC-BY-4.0
